,date,price
0,2022-04-21,106.17
1,2022-04-20,105.56
2,2022-04-19,108.69
3,2022-04-18,108.11
4,2022-04-14,105.88
5,2022-04-13,102.44
6,2022-04-12,98.14
7,2022-04-11,97.64
8,2022-04-08,98.14
9,2022-04-07,97.41
10,2022-04-06,103.79
11,2022-04-05,105.34
12,2022-04-04,101.84
13,2022-04-01,101.61
0,2022-03-31,107.71
1,2022-03-30,108.38
2,2022-03-29,108.58
3,2022-03-28,110.67
4,2022-03-25,111.93
5,2022-03-24,115.6
6,2022-03-23,111.8
7,2022-03-22,111.19
8,2022-03-21,109.81
9,2022-03-18,106.62
10,2022-03-17,100.86
11,2022-03-16,102.52
12,2022-03-15,99.78
13,2022-03-14,109.88
14,2022-03-11,110.49
15,2022-03-10,115.33
16,2022-03-09,127.86
17,2022-03-08,122.99
18,2022-03-07,125.19
19,2022-03-04,108.84
20,2022-03-03,116.65
21,2022-03-02,110.05
22,2022-03-01,98.71
0,2022-02-28,96.86
1,2022-02-25,95.84
2,2022-02-24,98.64
3,2022-02-23,93.65
4,2022-02-22,96.01
5,2022-02-21,91.73
6,2022-02-18,90.3
7,2022-02-17,91.9
8,2022-02-16,92.6
9,2022-02-15,93.05
10,2022-02-14,92.72
11,2022-02-11,90.25
12,2022-02-10,90.6
13,2022-02-09,89.39
14,2022-02-08,90.42
15,2022-02-07,90.91
16,2022-02-04,90.22
17,2022-02-03,87.46
18,2022-02-02,0.0
19,2022-02-01,0.0
0,2022-01-31,88.39
1,2022-01-28,87.58
2,2022-01-27,87.8
3,2022-01-26,86.77
4,2022-01-25,84.86
5,2022-01-24,86.71
6,2022-01-21,85.14
7,2022-01-20,86.35
8,2022-01-19,86.37
9,2022-01-18,86.58
10,2022-01-17,84.92
11,2022-01-14,83.75
12,2022-01-13,82.96
13,2022-01-12,82.19
14,2022-01-11,79.97
15,2022-01-10,80.36
16,2022-01-07,80.55
17,2022-01-06,78.83
18,2022-01-05,78.4
19,2022-01-04,77.51
20,2022-01-03,76.88
0,2021-12-31,77.12
1,2021-12-30,77.24
2,2021-12-29,76.91
3,2021-12-28,76.47
4,2021-12-27,0.0
5,2021-12-24,74.37
6,2021-12-23,73.54
7,2021-12-22,72.56
8,2021-12-21,70.56
9,2021-12-20,70.11
10,2021-12-17,73.36
11,2021-12-16,73.37
12,2021-12-15,72.01
13,2021-12-14,73.39
14,2021-12-13,74.11
15,2021-12-10,72.72
16,2021-12-09,74.48
17,2021-12-08,73.83
18,2021-12-07,73.22
19,2021-12-06,70.12
20,2021-12-03,70.79
21,2021-12-02,69.13
22,2021-12-01,71.13
0,2021-11-30,71.88
1,2021-11-29,75.17
2,2021-11-26,77.38
3,2021-11-25,81.44
4,2021-11-24,81.86
5,2021-11-23,78.47
6,2021-11-22,78.42
7,2021-11-19,80.89
8,2021-11-18,78.66
9,2021-11-17,81.01
10,2021-11-16,81.96
11,2021-11-15,80.89
12,2021-11-12,81.57
13,2021-11-11,81.83
14,2021-11-10,83.97
15,2021-11-09,82.24
16,2021-11-08,81.99
17,2021-11-05,79.48
18,2021-11-04,0.0
19,2021-11-03,81.89
20,2021-11-02,83.31
21,2021-11-01,81.99
0,2021-10-29,82.57
1,2021-10-28,81.91
2,2021-10-27,83.46
3,2021-10-26,83.94
4,2021-10-25,84.37
5,2021-10-22,82.57
6,2021-10-21,83.12
7,2021-10-20,82.56
8,2021-10-19,83.03
9,2021-10-18,83.89
10,2021-10-15,82.99
11,2021-10-14,82.28
12,2021-10-13,81.43
13,2021-10-12,82.07
14,2021-10-11,82.03
15,2021-10-08,81.23
16,2021-10-07,77.41
17,2021-10-06,80.55
18,2021-10-05,79.57
19,2021-10-04,77.17
20,2021-10-01,75.68
0,2021-09-30,75.92
1,2021-09-29,75.7
2,2021-09-28,77.34
3,2021-09-27,76.17
4,2021-09-24,74.77
5,2021-09-23,74.11
6,2021-09-22,73.3
7,2021-09-21,72.9
8,2021-09-20,72.13
9,2021-09-17,73.06
10,2021-09-16,73.09
11,2021-09-15,72.26
12,2021-09-14,72.29
13,2021-09-13,71.73
14,2021-09-10,70.85
15,2021-09-09,70.65
16,2021-09-08,69.78
17,2021-09-07,70.35
18,2021-09-06,69.99
19,2021-09-03,71.26
20,2021-09-02,69.74
21,2021-09-01,70.43
0,2021-08-31,71.19
1,2021-08-30,71.13
2,2021-08-27,70.76
3,2021-08-26,70.11
4,2021-08-25,69.69
5,2021-08-24,68.7
6,2021-08-23,66.09
7,2021-08-20,65.37
8,2021-08-19,65.35
9,2021-08-18,68.58
10,2021-08-17,68.45
11,2021-08-16,68.9
12,2021-08-13,70.03
13,2021-08-12,70.52
14,2021-08-11,69.77
15,2021-08-10,68.91
16,2021-08-07,0.0
17,2021-08-06,70.72
18,2021-08-05,68.8
19,2021-08-04,71.37
20,2021-08-03,71.88
21,2021-08-02,73.28
0,2021-07-30,73.9
1,2021-07-29,73.68
2,2021-07-28,72.82
3,2021-07-27,73.02
4,2021-07-26,71.59
5,2021-07-23,72.25
6,2021-07-22,71.43
7,2021-07-21,68.67
8,2021-07-20,0.0
9,2021-07-19,71.68
10,2021-07-16,72.18
11,2021-07-15,72.23
12,2021-07-14,74.72
13,2021-07-13,74.36
14,2021-07-12,73.54
15,2021-07-09,73.03
16,2021-07-08,70.63
17,2021-07-07,73.29
18,2021-07-06,75.88
19,2021-07-05,74.68
20,2021-07-02,74.09
21,2021-07-01,73.85
0,2021-06-30,72.87
1,2021-06-29,72.85
2,2021-06-28,73.88
3,2021-06-25,73.46
4,2021-06-24,73.73
5,2021-06-23,73.43
6,2021-06-22,72.52
7,2021-06-21,71.79
8,2021-06-18,70.98
9,2021-06-17,72.35
10,2021-06-16,72.78
11,2021-06-15,71.79
12,2021-06-14,72.01
13,2021-06-11,71.18
14,2021-06-10,70.71
15,2021-06-09,71.14
16,2021-06-08,69.34
17,2021-06-07,70.03
18,2021-06-04,70.1
19,2021-06-03,69.97
20,2021-06-02,69.21
21,2021-06-01,69.1
0,2021-05-31,67.94
1,2021-05-28,67.41
2,2021-05-27,66.41
3,2021-05-26,0.0
4,2021-05-25,67.37
5,2021-05-24,66.26
6,2021-05-21,63.25
7,2021-05-20,65.03
8,2021-05-19,66.11
9,2021-05-18,68.41
10,2021-05-17,67.17
11,2021-05-14,65.26
12,2021-05-13,0.0
13,2021-05-12,66.56
14,2021-05-11,65.54
15,2021-05-10,66.74
16,2021-05-07,65.9
17,2021-05-06,67.17
18,2021-05-05,67.76
19,2021-05-04,65.83
20,2021-05-03,64.38
0,2021-04-30,65.27
1,2021-04-29,65.1
2,2021-04-28,63.57
3,2021-04-27,63.27
4,2021-04-26,62.37
5,2021-04-23,62.93
6,2021-04-22,62.25
7,2021-04-21,63.71
8,2021-04-20,65.74
9,2021-04-19,64.83
10,2021-04-16,65.12
11,2021-04-15,64.17
12,2021-04-14,62.56
13,2021-04-13,61.58
14,2021-04-12,61.1
15,2021-04-09,60.94
16,2021-04-08,61.24
17,2021-04-07,60.88
18,2021-04-06,61.34
19,2021-04-05,61.91
20,2021-04-01,61.51
0,2021-03-31,63.36
1,2021-03-30,63.9
2,2021-03-29,63.11
3,2021-03-26,62.07
4,2021-03-25,62.43
5,2021-03-24,60.98
6,2021-03-23,63.0
7,2021-03-22,63.18
8,2021-03-19,62.2
9,2021-03-18,65.29
10,2021-03-17,66.57
11,2021-03-16,66.46
12,2021-03-15,68.25
13,2021-03-12,67.9
14,2021-03-11,66.82
15,2021-03-10,65.3
16,2021-03-09,66.4
17,2021-03-08,68.32
18,2021-03-05,66.37
19,2021-03-04,63.11
20,2021-03-03,61.44
21,2021-03-02,61.41
22,2021-03-01,64.23
0,2021-02-25,65.39
1,2021-02-24,62.89
2,2021-02-23,63.54
3,2021-02-22,61.28
4,2021-02-19,60.83
5,2021-02-18,63.26
6,2021-02-17,62.8
7,2021-02-16,62.3
8,2021-02-15,62.48
9,2021-02-12,0.0
10,2021-02-11,60.54
11,2021-02-10,60.39
12,2021-02-09,60.49
13,2021-02-08,59.8
14,2021-02-05,58.94
15,2021-02-04,58.36
16,2021-02-03,57.64
17,2021-02-02,56.77
18,2021-02-01,55.0
0,2021-01-29,54.65
1,2021-01-28,54.77
2,2021-01-27,55.74
3,2021-01-26,55.32
4,2021-01-25,55.41
5,2021-01-22,55.2
6,2021-01-21,55.49
7,2021-01-20,56.24
8,2021-01-19,55.19
9,2021-01-18,54.19
10,2021-01-15,55.39
11,2021-01-14,55.7
12,2021-01-13,56.44
13,2021-01-12,55.71
14,2021-01-11,55.33
15,2021-01-08,54.58
16,2021-01-07,54.52
17,2021-01-06,53.51
18,2021-01-05,50.5
19,2021-01-04,52.49
0,2020-12-31,51.14
1,2020-12-30,51.05
2,2020-12-29,50.97
3,2020-12-28,51.07
4,2020-12-24,51.28
5,2020-12-23,49.61
6,2020-12-22,49.75
7,2020-12-21,50.26
8,2020-12-18,51.11
9,2020-12-17,51.46
10,2020-12-16,50.85
11,2020-12-15,50.17
12,2020-12-14,50.65
13,2020-12-11,50.47
14,2020-12-10,49.03
15,2020-12-09,49.14
16,2020-12-08,48.3
17,2020-12-07,48.29
18,2020-12-04,49.04
19,2020-12-03,48.06
20,2020-12-02,47.08
21,2020-12-01,47.59
0,2020-11-30,47.02
1,2020-11-27,47.13
2,2020-11-26,47.49
3,2020-11-25,47.87
4,2020-11-24,45.86
5,2020-11-23,45.61
6,2020-11-20,44.19
7,2020-11-19,44.0
8,2020-11-18,43.78
9,2020-11-17,43.87
10,2020-11-16,43.74
11,2020-11-13,43.15
12,2020-11-12,43.95
13,2020-11-11,44.44
14,2020-11-10,42.49
15,2020-11-09,40.34
16,2020-11-06,40.57
17,2020-11-05,40.69
18,2020-11-04,39.76
19,2020-11-03,39.52
20,2020-11-02,36.3
0,2020-10-30,37.18
1,2020-10-29,38.26
2,2020-10-28,39.27
3,2020-10-27,39.9
4,2020-10-26,39.84
5,2020-10-23,41.67
6,2020-10-22,41.36
7,2020-10-21,41.71
8,2020-10-20,41.58
9,2020-10-19,41.77
10,2020-10-16,0.0
11,2020-10-15,42.01
12,2020-10-14,41.62
13,2020-10-13,41.19
14,2020-10-12,41.28
15,2020-10-09,42.06
16,2020-10-08,41.46
17,2020-10-07,41.24
18,2020-10-06,40.55
19,2020-10-05,39.27
20,2020-10-02,38.62
21,2020-10-01,41.12
0,2020-09-30,40.36
1,2020-09-29,41.87
2,2020-09-28,41.41
3,2020-09-25,41.98
4,2020-09-24,41.21
5,2020-09-23,41.38
6,2020-09-22,41.14
7,2020-09-21,41.63
8,2020-09-18,43.02
9,2020-09-17,41.67
10,2020-09-16,41.21
11,2020-09-15,39.24
12,2020-09-14,38.89
13,2020-09-11,39.27
14,2020-09-10,39.74
15,2020-09-09,39.49
16,2020-09-08,40.68
17,2020-09-07,41.42
18,2020-09-04,43.78
19,2020-09-03,43.43
20,2020-09-02,45.3
21,2020-09-01,45.11
0,2020-08-31,45.93
1,2020-08-28,44.12
2,2020-08-27,45.01
3,2020-08-26,44.83
4,2020-08-25,44.34
5,2020-08-24,43.78
6,2020-08-21,43.96
7,2020-08-20,43.89
8,2020-08-19,43.8
9,2020-08-18,44.46
10,2020-08-17,43.67
11,2020-08-14,43.44
12,2020-08-13,44.18
13,2020-08-12,43.63
14,2020-08-11,44.12
15,2020-08-10,0.0
16,2020-08-07,43.88
17,2020-08-06,43.71
18,2020-08-05,43.76
19,2020-08-04,42.97
20,2020-08-03,42.48
0,2020-07-31,0.0
1,2020-07-30,43.14
2,2020-07-29,43.27
3,2020-07-28,43.12
4,2020-07-27,43.13
5,2020-07-24,43.11
6,2020-07-23,44.42
7,2020-07-22,44.12
8,2020-07-21,43.87
9,2020-07-20,42.72
10,2020-07-17,42.86
11,2020-07-16,43.37
12,2020-07-15,44.18
13,2020-07-14,42.78
14,2020-07-13,43.38
15,2020-07-10,0.0
16,2020-07-09,43.63
17,2020-07-08,43.34
18,2020-07-07,42.9
19,2020-07-06,43.66
20,2020-07-03,42.68
21,2020-07-02,42.85
22,2020-07-01,42.7
0,2020-06-30,42.07
1,2020-06-29,40.63
2,2020-06-26,42.02
3,2020-06-25,40.58
4,2020-06-24,42.49
5,2020-06-23,43.39
6,2020-06-22,42.32
7,2020-06-19,42.95
8,2020-06-18,41.09
9,2020-06-17,41.46
10,2020-06-16,40.29
11,2020-06-15,38.35
12,2020-06-12,38.42
13,2020-06-11,40.6
14,2020-06-10,40.91
15,2020-06-09,40.85
16,2020-06-08,42.94
17,2020-06-05,40.63
18,2020-06-04,38.82
19,2020-06-03,39.87
20,2020-06-02,38.93
21,2020-06-01,37.97
0,2020-05-29,34.86
1,2020-05-28,33.17
2,2020-05-27,34.48
3,2020-05-26,34.81
4,2020-05-25,0.0
5,2020-05-22,32.62
6,2020-05-21,34.1
7,2020-05-20,32.95
8,2020-05-19,33.18
9,2020-05-18,32.9
10,2020-05-15,31.94
11,2020-05-14,29.83
12,2020-05-13,26.84
13,2020-05-12,26.93
14,2020-05-11,26.72
15,2020-05-08,25.92
16,2020-05-07,0.0
17,2020-05-06,26.88
18,2020-05-05,26.0
19,2020-05-04,24.33
20,2020-05-01,0.0
0,2020-04-30,20.73
1,2020-04-29,17.12
2,2020-04-28,16.63
3,2020-04-27,17.97
4,2020-04-24,18.17
5,2020-04-23,18.13
6,2020-04-22,13.52
7,2020-04-21,17.37
8,2020-04-20,20.78
9,2020-04-17,20.61
10,2020-04-16,19.72
11,2020-04-15,19.68
12,2020-04-14,21.66
13,2020-04-13,22.31
14,2020-04-09,23.32
15,2020-04-08,23.52
16,2020-04-07,24.88
17,2020-04-06,24.87
18,2020-04-03,24.51
19,2020-04-02,21.55
20,2020-04-01,21.23
0,2020-03-31,23.43
1,2020-03-30,23.24
2,2020-03-27,25.04
3,2020-03-26,25.74
4,2020-03-25,27.05
5,2020-03-24,26.64
6,2020-03-23,24.6
7,2020-03-20,28.67
8,2020-03-19,25.82
9,2020-03-18,28.26
10,2020-03-17,30.83
11,2020-03-16,31.49
12,2020-03-13,33.93
13,2020-03-12,32.69
14,2020-03-11,34.58
15,2020-03-10,34.18
16,2020-03-09,32.87
17,2020-03-06,48.58
18,2020-03-05,50.78
19,2020-03-04,50.81
20,2020-03-03,51.72
21,2020-03-02,50.58
0,2020-02-28,49.05
1,2020-02-27,50.62
2,2020-02-26,52.28
3,2020-02-25,54.48
4,2020-02-24,54.64
5,2020-02-21,56.41
6,2020-02-20,56.92
7,2020-02-19,56.39
8,2020-02-18,55.11
9,2020-02-17,55.98
10,2020-02-14,55.23
11,2020-02-13,54.54
12,2020-02-12,54.23
13,2020-02-11,53.03
14,2020-02-10,53.33
15,2020-02-07,54.37
16,2020-02-06,55.18
17,2020-02-05,53.57
18,2020-02-04,53.99
19,2020-02-03,55.23
0,2020-01-31,58.45
1,2020-01-30,57.76
2,2020-01-29,59.37
3,2020-01-28,58.57
4,2020-01-27,62.23
5,2020-01-24,62.23
6,2020-01-23,62.77
7,2020-01-22,64.26
8,2020-01-21,64.27
9,2020-01-20,65.24
10,2020-01-17,65.1
11,2020-01-16,64.74
12,2020-01-15,64.61
13,2020-01-14,64.78
14,2020-01-13,65.68
15,2020-01-10,65.93
16,2020-01-09,66.17
17,2020-01-08,69.24
18,2020-01-07,68.34
19,2020-01-06,69.65
20,2020-01-03,67.79
21,2020-01-02,65.69
0,2019-12-31,67.27
1,2019-12-30,67.81
2,2019-12-27,67.88
3,2019-12-26,67.48
4,2019-12-24,66.77
5,2019-12-23,66.21
6,2019-12-20,66.87
7,2019-12-19,66.48
8,2019-12-18,66.14
9,2019-12-17,65.62
10,2019-12-16,65.54
11,2019-12-13,64.92
12,2019-12-12,64.01
13,2019-12-11,63.78
14,2019-12-10,63.84
15,2019-12-09,63.74
16,2019-12-06,63.02
17,2019-12-05,62.73
18,2019-12-04,61.11
19,2019-12-03,60.98
20,2019-12-02,60.83
0,2019-11-29,63.83
1,2019-11-28,63.33
2,2019-11-27,63.69
3,2019-11-26,63.1
4,2019-11-25,63.43
5,2019-11-22,63.74
6,2019-11-21,62.13
7,2019-11-20,60.45
8,2019-11-19,61.86
9,2019-11-18,62.84
10,2019-11-15,61.93
11,2019-11-14,62.47
12,2019-11-13,61.48
13,2019-11-12,62.16
14,2019-11-11,61.15
15,2019-11-08,60.88
16,2019-11-07,61.13
17,2019-11-06,61.49
18,2019-11-05,61.34
19,2019-11-04,60.74
20,2019-11-01,58.72
0,2019-10-31,61.1
1,2019-10-30,61.32
2,2019-10-29,61.0
3,2019-10-28,0.0
4,2019-10-25,61.46
5,2019-10-24,61.04
6,2019-10-23,59.67
7,2019-10-22,58.95
8,2019-10-21,59.38
9,2019-10-18,59.7
10,2019-10-17,59.23
11,2019-10-16,58.8
12,2019-10-15,59.42
13,2019-10-14,60.03
14,2019-10-11,60.44
15,2019-10-10,57.77
16,2019-10-09,57.72
17,2019-10-08,58.03
18,2019-10-07,58.24
19,2019-10-04,57.84
20,2019-10-03,57.44
21,2019-10-02,58.67
22,2019-10-01,59.22
0,2019-09-30,60.94
1,2019-09-27,62.07
2,2019-09-26,61.73
3,2019-09-25,61.57
4,2019-09-24,63.46
5,2019-09-23,63.59
6,2019-09-20,64.28
7,2019-09-19,63.23
8,2019-09-18,63.3
9,2019-09-17,67.53
10,2019-09-16,63.88
11,2019-09-13,58.36
12,2019-09-12,59.32
13,2019-09-11,60.89
14,2019-09-10,60.89
15,2019-09-09,60.12
16,2019-09-06,59.23
17,2019-09-05,58.53
18,2019-09-04,56.72
19,2019-09-03,56.48
20,2019-09-02,57.62
0,2019-08-30,59.62
1,2019-08-29,59.32
2,2019-08-28,58.99
3,2019-08-27,58.07
4,2019-08-26,58.59
5,2019-08-23,59.43
6,2019-08-22,60.29
7,2019-08-21,60.09
8,2019-08-20,59.24
9,2019-08-19,58.4
10,2019-08-16,58.2
11,2019-08-15,58.33
12,2019-08-14,59.66
13,2019-08-13,57.76
14,2019-08-12,0.0
15,2019-08-09,0.0
16,2019-08-08,56.83
17,2019-08-07,57.89
18,2019-08-06,58.75
19,2019-08-05,59.68
20,2019-08-02,60.33
21,2019-08-01,63.05
0,2019-07-31,64.57
1,2019-07-30,63.63
2,2019-07-29,62.53
3,2019-07-26,62.83
4,2019-07-25,63.03
5,2019-07-24,63.21
6,2019-07-23,62.11
7,2019-07-22,62.74
8,2019-07-19,61.55
9,2019-07-18,62.14
10,2019-07-17,63.23
11,2019-07-16,64.58
12,2019-07-15,65.22
13,2019-07-12,65.88
14,2019-07-11,65.95
15,2019-07-10,63.9
16,2019-07-09,62.63
17,2019-07-08,63.32
18,2019-07-05,61.62
19,2019-07-04,61.75
20,2019-07-03,60.62
21,2019-07-02,63.43
22,2019-07-01,64.92
0,2019-06-28,64.88
1,2019-06-27,64.42
2,2019-06-26,64.29
3,2019-06-25,63.38
4,2019-06-24,64.02
5,2019-06-21,64.22
6,2019-06-20,62.61
7,2019-06-19,61.22
8,2019-06-18,59.92
9,2019-06-17,60.74
10,2019-06-14,59.9
11,2019-06-13,60.28
12,2019-06-12,59.9
13,2019-06-11,61.28
14,2019-06-10,61.92
15,2019-06-07,61.2
16,2019-06-06,59.37
17,2019-06-05,0.0
18,2019-06-04,60.03
19,2019-06-03,60.17
0,2019-05-31,63.83
1,2019-05-30,67.12
2,2019-05-29,67.13
3,2019-05-28,68.31
4,2019-05-27,66.88
5,2019-05-24,66.73
6,2019-05-23,69.22
7,2019-05-22,71.23
8,2019-05-21,71.64
9,2019-05-20,0.0
10,2019-05-17,72.46
11,2019-05-16,72.04
12,2019-05-15,70.46
13,2019-05-14,69.7
14,2019-05-13,70.97
15,2019-05-10,70.1
16,2019-05-09,69.09
17,2019-05-08,69.28
18,2019-05-07,70.29
19,2019-05-06,69.22
20,2019-05-03,69.93
21,2019-05-02,71.43
22,2019-05-01,0.0
0,2019-04-30,72.8
1,2019-04-29,71.09
2,2019-04-26,73.45
3,2019-04-25,74.46
4,2019-04-24,73.67
5,2019-04-23,73.77
6,2019-04-22,73.36
7,2019-04-18,71.07
8,2019-04-17,71.33
9,2019-04-16,70.21
10,2019-04-15,70.32
11,2019-04-12,70.1
12,2019-04-11,70.52
13,2019-04-10,70.08
14,2019-04-09,70.53
15,2019-04-08,70.29
16,2019-04-05,68.82
17,2019-04-04,68.67
18,2019-04-03,69.43
19,2019-04-02,68.81
20,2019-04-01,68.23
0,2019-03-29,67.23
1,2019-03-28,66.56
2,2019-03-27,67.37
3,2019-03-26,67.17
4,2019-03-25,66.34
5,2019-03-22,67.46
6,2019-03-21,68.23
7,2019-03-20,67.67
8,2019-03-19,67.63
9,2019-03-18,67.32
10,2019-03-15,67.71
11,2019-03-14,68.17
12,2019-03-13,67.22
13,2019-03-12,67.15
14,2019-03-11,66.81
15,2019-03-08,65.77
16,2019-03-07,66.47
17,2019-03-06,65.85
18,2019-03-05,65.73
19,2019-03-04,65.36
20,2019-03-01,66.56
0,2019-02-27,64.56
1,2019-02-26,64.56
2,2019-02-25,66.84
3,2019-02-22,67.22
4,2019-02-21,67.12
5,2019-02-20,66.38
6,2019-02-19,66.48
7,2019-02-18,66.73
8,2019-02-15,65.12
9,2019-02-14,65.32
10,2019-02-13,63.34
11,2019-02-12,62.23
12,2019-02-11,62.02
13,2019-02-08,61.62
14,2019-02-07,62.51
15,2019-02-06,0.0
16,2019-02-05,0.0
17,2019-02-04,62.93
18,2019-02-01,60.87
0,2019-01-31,61.82
1,2019-01-30,60.93
2,2019-01-29,59.44
3,2019-01-28,60.32
4,2019-01-25,61.16
5,2019-01-24,60.41
6,2019-01-23,61.23
7,2019-01-22,61.43
8,2019-01-21,61.88
9,2019-01-18,61.12
10,2019-01-17,60.03
11,2019-01-16,60.15
12,2019-01-15,58.63
13,2019-01-14,58.92
14,2019-01-11,61.16
15,2019-01-10,59.6
16,2019-01-09,58.07
17,2019-01-08,56.18
18,2019-01-07,56.79
19,2019-01-04,55.59
20,2019-01-03,53.2
21,2019-01-02,51.86
0,2018-12-31,0.0
1,2018-12-28,52.86
2,2018-12-27,53.07
3,2018-12-26,49.52
4,2018-12-24,0.0
5,2018-12-21,53.51
6,2018-12-20,54.47
7,2018-12-19,55.05
8,2018-12-18,57.21
9,2018-12-17,58.92
10,2018-12-14,59.67
11,2018-12-13,58.81
12,2018-12-12,59.23
13,2018-12-11,58.37
14,2018-12-10,60.22
15,2018-12-07,58.39
16,2018-12-06,59.85
17,2018-12-05,59.81
18,2018-12-04,61.54
19,2018-12-03,61.19
0,2018-11-30,59.02
1,2018-11-29,58.3
2,2018-11-28,60.18
3,2018-11-27,59.07
4,2018-11-26,59.13
5,2018-11-23,61.08
6,2018-11-22,62.44
7,2018-11-21,62.65
8,2018-11-20,65.51
9,2018-11-19,66.17
10,2018-11-16,66.49
11,2018-11-15,65.39
12,2018-11-14,64.46
13,2018-11-13,68.48
14,2018-11-12,70.59
15,2018-11-09,69.36
16,2018-11-08,71.54
17,2018-11-07,70.64
18,2018-11-06,0.0
19,2018-11-05,71.2
20,2018-11-02,71.67
21,2018-11-01,73.38
0,2018-10-31,75.66
1,2018-10-30,76.18
2,2018-10-29,76.01
3,2018-10-26,75.42
4,2018-10-25,74.96
5,2018-10-24,74.42
6,2018-10-23,77.83
7,2018-10-22,78.78
8,2018-10-19,77.88
9,2018-10-18,78.43
10,2018-10-17,80.23
11,2018-10-16,78.83
12,2018-10-15,79.3
13,2018-10-12,79.36
14,2018-10-11,80.66
15,2018-10-10,83.04
16,2018-10-09,82.8
17,2018-10-08,81.61
18,2018-10-05,83.2
19,2018-10-04,84.44
20,2018-10-03,83.29
21,2018-10-02,82.88
22,2018-10-01,80.83
0,2018-09-28,80.03
1,2018-09-27,80.36
2,2018-09-26,80.04
3,2018-09-25,79.69
4,2018-09-24,78.45
5,2018-09-21,77.35
6,2018-09-20,77.53
7,2018-09-19,77.02
8,2018-09-18,75.85
9,2018-09-17,76.43
10,2018-09-14,76.31
11,2018-09-13,77.2
12,2018-09-12,77.45
13,2018-09-11,76.22
14,2018-09-10,75.83
15,2018-09-07,74.73
16,2018-09-06,75.31
17,2018-09-05,75.83
18,2018-09-04,76.88
19,2018-09-03,76.18
0,2018-08-31,75.85
1,2018-08-30,75.76
2,2018-08-29,74.34
3,2018-08-28,75.02
4,2018-08-27,74.41
5,2018-08-24,74.0
6,2018-08-23,73.14
7,2018-08-22,0.0
8,2018-08-21,71.11
9,2018-08-20,70.81
10,2018-08-17,70.38
11,2018-08-16,69.6
12,2018-08-15,70.66
13,2018-08-14,71.79
14,2018-08-13,71.25
15,2018-08-10,70.55
16,2018-08-09,0.0
17,2018-08-08,73.28
18,2018-08-07,72.65
19,2018-08-06,72.11
20,2018-08-03,71.93
21,2018-08-02,71.14
22,2018-08-01,72.42
0,2018-07-31,73.69
1,2018-07-30,73.38
2,2018-07-27,73.42
3,2018-07-26,73.41
4,2018-07-25,72.49
5,2018-07-24,71.59
6,2018-07-23,71.5
7,2018-07-20,71.52
8,2018-07-19,70.41
9,2018-07-18,69.68
10,2018-07-17,70.36
11,2018-07-16,72.95
12,2018-07-13,71.65
13,2018-07-12,72.56
14,2018-07-11,74.75
15,2018-07-10,76.0
16,2018-07-09,74.67
17,2018-07-06,74.18
18,2018-07-05,74.92
19,2018-07-04,75.07
20,2018-07-03,74.77
21,2018-07-02,75.57
0,2018-06-29,74.15
1,2018-06-28,75.19
2,2018-06-27,74.36
3,2018-06-26,73.03
4,2018-06-25,72.81
5,2018-06-22,71.77
6,2018-06-21,71.25
7,2018-06-20,72.65
8,2018-06-19,72.07
9,2018-06-18,70.97
10,2018-06-15,0.0
11,2018-06-14,74.31
12,2018-06-13,73.48
13,2018-06-12,74.75
14,2018-06-11,74.36
15,2018-06-08,74.87
16,2018-06-07,73.58
17,2018-06-06,73.75
18,2018-06-05,73.61
19,2018-06-04,74.4
20,2018-06-01,75.11
0,2018-05-31,75.45
1,2018-05-30,73.53
2,2018-05-29,0.0
3,2018-05-28,73.24
4,2018-05-25,75.78
5,2018-05-24,77.03
6,2018-05-23,76.65
7,2018-05-22,77.28
8,2018-05-21,76.43
9,2018-05-18,77.06
10,2018-05-17,76.67
11,2018-05-16,75.1
12,2018-05-15,75.3
13,2018-05-14,73.77
14,2018-05-11,74.46
15,2018-05-10,74.73
16,2018-05-09,73.93
17,2018-05-08,72.48
18,2018-05-07,72.46
19,2018-05-04,70.47
20,2018-05-03,70.54
21,2018-05-02,70.25
22,2018-05-01,0.0
0,2018-04-30,70.05
1,2018-04-27,70.88
2,2018-04-26,70.63
3,2018-04-25,70.36
4,2018-04-24,71.24
5,2018-04-23,70.29
6,2018-04-20,70.42
7,2018-04-19,70.75
8,2018-04-18,68.81
9,2018-04-17,68.23
10,2018-04-16,68.18
11,2018-04-13,69.04
12,2018-04-12,68.63
13,2018-04-11,67.58
14,2018-04-10,66.51
15,2018-04-09,64.7
16,2018-04-06,65.37
17,2018-04-05,65.38
18,2018-04-04,64.7
19,2018-04-03,65.16
20,2018-04-02,66.79
0,2018-03-29,65.33
1,2018-03-28,65.24
2,2018-03-27,65.83
3,2018-03-26,65.97
4,2018-03-23,65.33
5,2018-03-22,65.44
6,2018-03-21,63.89
7,2018-03-20,62.98
8,2018-03-19,62.48
9,2018-03-16,61.74
10,2018-03-15,61.45
11,2018-03-14,61.23
12,2018-03-13,61.25
13,2018-03-12,61.71
14,2018-03-09,60.28
15,2018-03-08,60.8
16,2018-03-07,61.61
17,2018-03-06,62.04
18,2018-03-05,61.32
19,2018-03-02,60.28
20,2018-03-01,61.42
0,2018-02-28,61.42
1,2018-02-27,64.02
2,2018-02-26,63.9
3,2018-02-23,62.77
4,2018-02-22,61.6
5,2018-02-21,61.3
6,2018-02-20,62.05
7,2018-02-19,61.77
8,2018-02-16,0.0
9,2018-02-15,61.67
10,2018-02-14,59.4
11,2018-02-13,59.84
12,2018-02-12,60.29
13,2018-02-09,61.12
14,2018-02-08,62.26
15,2018-02-07,64.05
16,2018-02-06,64.25
17,2018-02-05,65.07
18,2018-02-02,67.02
19,2018-02-01,66.12
0,2018-01-31,65.77
1,2018-01-30,66.38
2,2018-01-29,67.55
3,2018-01-26,67.4
4,2018-01-25,67.98
5,2018-01-24,66.86
6,2018-01-23,66.49
7,2018-01-22,66.09
8,2018-01-19,65.95
9,2018-01-18,66.42
10,2018-01-17,66.27
11,2018-01-16,67.09
12,2018-01-15,67.03
13,2018-01-12,66.29
14,2018-01-11,66.5
15,2018-01-10,66.59
16,2018-01-09,65.51
17,2018-01-08,65.04
18,2018-01-05,65.33
19,2018-01-04,65.35
20,2018-01-03,64.15
21,2018-01-02,64.37
0,2017-12-29,64.33
1,2017-12-28,63.85
2,2017-12-27,63.94
3,2017-12-26,62.61
4,2017-12-22,62.37
5,2017-12-21,62.17
6,2017-12-20,61.6
7,2017-12-19,61.4
8,2017-12-18,61.28
9,2017-12-15,61.18
10,2017-12-14,60.23
11,2017-12-13,61.33
12,2017-12-12,62.52
13,2017-12-11,60.96
14,2017-12-08,60.26
15,2017-12-07,59.43
16,2017-12-06,60.72
17,2017-12-05,60.22
18,2017-12-04,60.99
19,2017-12-01,60.8
0,2017-11-30,60.82
1,2017-11-29,60.97
2,2017-11-28,61.25
3,2017-11-27,61.5
4,2017-11-24,61.62
5,2017-11-23,61.13
6,2017-11-22,61.12
7,2017-11-21,60.48
8,2017-11-20,60.68
9,2017-11-17,59.66
10,2017-11-16,60.29
11,2017-11-15,60.04
12,2017-11-14,61.25
13,2017-11-13,61.63
14,2017-11-10,62.06
15,2017-11-09,61.61
16,2017-11-08,61.8
17,2017-11-07,62.39
18,2017-11-06,60.58
19,2017-11-03,58.93
20,2017-11-02,58.58
21,2017-11-01,59.61
0,2017-10-31,58.32
1,2017-10-30,58.33
2,2017-10-27,57.0
3,2017-10-26,56.21
4,2017-10-25,56.2
5,2017-10-24,55.28
6,2017-10-23,55.85
7,2017-10-20,55.13
8,2017-10-19,55.51
9,2017-10-18,0.0
10,2017-10-17,56.33
11,2017-10-16,55.98
12,2017-10-13,55.4
13,2017-10-12,54.97
14,2017-10-11,54.78
15,2017-10-10,54.08
16,2017-10-09,53.76
17,2017-10-06,55.27
18,2017-10-05,54.35
19,2017-10-04,53.92
20,2017-10-03,54.45
21,2017-10-02,55.16
0,2017-09-29,55.19
1,2017-09-28,55.55
2,2017-09-27,55.65
3,2017-09-26,56.15
4,2017-09-25,54.83
5,2017-09-22,54.66
6,2017-09-21,54.65
7,2017-09-20,53.93
8,2017-09-19,54.07
9,2017-09-18,54.19
10,2017-09-15,53.64
11,2017-09-14,53.57
12,2017-09-13,52.87
13,2017-09-12,52.17
14,2017-09-11,52.14
15,2017-09-08,53.18
16,2017-09-07,52.99
17,2017-09-06,52.14
18,2017-09-05,51.02
19,2017-09-04,50.6
20,2017-09-01,0.0
0,2017-08-31,49.26
1,2017-08-30,49.93
2,2017-08-29,50.1
3,2017-08-28,50.55
4,2017-08-25,50.56
5,2017-08-24,50.55
6,2017-08-23,49.93
7,2017-08-22,49.97
8,2017-08-21,50.72
9,2017-08-18,49.26
10,2017-08-17,48.65
11,2017-08-16,49.53
12,2017-08-15,49.26
13,2017-08-14,50.36
14,2017-08-11,49.86
15,2017-08-10,51.62
16,2017-08-09,0.0
17,2017-08-08,51.24
18,2017-08-07,50.8
19,2017-08-04,50.36
20,2017-08-03,50.83
21,2017-08-02,50.29
22,2017-08-01,51.22
0,2017-07-31,50.38
1,2017-07-28,49.72
2,2017-07-27,49.35
3,2017-07-26,49.05
4,2017-07-25,47.3
5,2017-07-24,46.51
6,2017-07-21,48.17
7,2017-07-20,48.33
8,2017-07-19,47.41
9,2017-07-18,47.2
10,2017-07-17,47.65
11,2017-07-14,46.99
12,2017-07-13,46.1
13,2017-07-12,46.82
14,2017-07-11,45.27
15,2017-07-10,45.24
16,2017-07-07,46.05
17,2017-07-06,47.07
18,2017-07-05,48.34
19,2017-07-04,48.43
20,2017-07-03,47.62
0,2017-06-30,46.47
1,2017-06-29,46.36
2,2017-06-28,45.3
3,2017-06-27,45.03
4,2017-06-26,0.0
5,2017-06-23,44.17
6,2017-06-22,43.5
7,2017-06-21,44.32
8,2017-06-20,45.62
9,2017-06-19,45.68
10,2017-06-16,45.88
11,2017-06-15,45.37
12,2017-06-14,46.84
13,2017-06-13,47.3
14,2017-06-12,47.02
15,2017-06-09,46.46
16,2017-06-08,47.07
17,2017-06-07,48.42
18,2017-06-06,47.89
19,2017-06-05,0.0
20,2017-06-02,48.34
21,2017-06-01,50.16
0,2017-05-31,50.09
1,2017-05-30,50.48
2,2017-05-29,50.65
3,2017-05-26,50.42
4,2017-05-25,52.78
5,2017-05-24,53.1
6,2017-05-23,52.31
7,2017-05-22,52.79
8,2017-05-19,51.96
9,2017-05-18,51.0
10,2017-05-17,50.42
11,2017-05-16,51.09
12,2017-05-15,50.82
13,2017-05-12,49.46
14,2017-05-11,49.64
15,2017-05-10,0.0
16,2017-05-09,48.38
17,2017-05-08,0.0
18,2017-05-05,47.97
19,2017-05-04,0.0
20,2017-05-03,49.68
21,2017-05-02,0.0
22,2017-05-01,0.0
0,2017-04-28,50.16
1,2017-04-27,50.02
2,2017-04-26,50.57
3,2017-04-25,50.13
4,2017-04-24,50.94
5,2017-04-21,51.36
6,2017-04-20,51.46
7,2017-04-19,53.04
8,2017-04-18,53.12
9,2017-04-17,53.49
10,2017-04-13,54.16
11,2017-04-12,54.61
12,2017-04-11,54.33
13,2017-04-10,53.88
14,2017-04-07,53.94
15,2017-04-06,52.64
16,2017-04-05,52.99
17,2017-04-04,51.1
18,2017-04-03,51.67
0,2017-03-31,50.78
1,2017-03-30,50.71
2,2017-03-29,50.14
3,2017-03-28,49.23
4,2017-03-27,48.84
5,2017-03-24,48.97
6,2017-03-23,49.17
7,2017-03-22,49.02
8,2017-03-21,50.42
9,2017-03-20,50.05
10,2017-03-17,50.13
11,2017-03-16,50.64
12,2017-03-15,50.01
13,2017-03-14,49.82
14,2017-03-13,50.04
15,2017-03-10,51.16
16,2017-03-09,52.52
17,2017-03-08,54.02
18,2017-03-07,54.44
19,2017-03-06,53.85
20,2017-03-03,53.68
21,2017-03-02,54.85
22,2017-03-01,55.13
0,2017-02-28,0.0
1,2017-02-27,55.18
2,2017-02-24,54.7
3,2017-02-23,54.75
4,2017-02-22,54.68
5,2017-02-21,54.64
6,2017-02-20,54.46
7,2017-02-17,54.06
8,2017-02-16,53.95
9,2017-02-15,54.0
10,2017-02-14,54.14
11,2017-02-13,54.76
12,2017-02-10,53.78
13,2017-02-09,53.79
14,2017-02-08,53.35
15,2017-02-07,54.17
16,2017-02-06,55.31
17,2017-02-03,55.45
18,2017-02-02,54.94
19,2017-02-01,53.22
0,2017-01-31,53.23
1,2017-01-30,0.0
2,2017-01-27,54.49
3,2017-01-26,53.86
4,2017-01-25,53.47
5,2017-01-24,53.98
6,2017-01-23,53.52
7,2017-01-20,52.91
8,2017-01-19,53.03
9,2017-01-18,53.84
10,2017-01-17,53.88
11,2017-01-16,53.29
12,2017-01-13,54.3
13,2017-01-12,53.45
14,2017-01-11,52.22
15,2017-01-10,53.14
16,2017-01-09,54.35
17,2017-01-06,54.25
18,2017-01-05,54.28
19,2017-01-04,53.99
20,2017-01-03,54.65
0,2016-12-30,53.83
1,2016-12-29,53.9
2,2016-12-28,53.73
3,2016-12-27,52.72
4,2016-12-23,52.21
5,2016-12-22,51.78
6,2016-12-21,52.87
7,2016-12-20,52.09
8,2016-12-19,52.86
9,2016-12-16,51.69
10,2016-12-15,51.65
11,2016-12-14,52.69
12,2016-12-13,52.85
13,2016-12-12,54.18
14,2016-12-09,51.32
15,2016-12-08,50.3
16,2016-12-07,50.35
17,2016-12-06,51.65
18,2016-12-05,51.64
19,2016-12-02,50.39
20,2016-12-01,49.02
0,2016-11-30,44.12
1,2016-11-29,44.65
2,2016-11-28,43.76
3,2016-11-25,45.97
4,2016-11-24,45.67
5,2016-11-23,46.07
6,2016-11-22,46.08
7,2016-11-21,44.47
8,2016-11-18,42.8
9,2016-11-17,43.47
10,2016-11-16,43.45
11,2016-11-15,41.97
12,2016-11-14,41.95
13,2016-11-11,43.7
14,2016-11-10,43.67
15,2016-11-09,42.57
16,2016-11-08,42.87
17,2016-11-07,42.69
18,2016-11-04,42.84
19,2016-11-03,43.52
20,2016-11-02,44.08
21,2016-11-01,45.42
0,2016-10-31,47.44
1,2016-10-28,48.4
2,2016-10-27,48.16
3,2016-10-26,47.91
4,2016-10-25,49.2
5,2016-10-24,49.48
6,2016-10-21,48.82
7,2016-10-20,49.66
8,2016-10-19,49.67
9,2016-10-18,49.23
10,2016-10-17,49.12
11,2016-10-14,49.88
12,2016-10-13,49.07
13,2016-10-12,50.03
14,2016-10-11,50.01
15,2016-10-10,48.9
16,2016-10-07,50.07
17,2016-10-06,48.77
18,2016-10-05,48.83
19,2016-10-04,47.83
20,2016-10-03,47.87
0,2016-09-30,45.11
1,2016-09-29,44.65
2,2016-09-28,42.37
3,2016-09-27,43.13
4,2016-09-26,42.15
5,2016-09-23,43.39
6,2016-09-22,43.58
7,2016-09-21,43.08
8,2016-09-20,41.99
9,2016-09-19,42.43
10,2016-09-16,42.34
11,2016-09-15,42.04
12,2016-09-14,43.57
13,2016-09-13,43.69
14,2016-09-12,0.0
15,2016-09-09,45.45
16,2016-09-08,44.83
17,2016-09-07,43.67
18,2016-09-06,43.4
19,2016-09-05,44.28
20,2016-09-02,41.71
21,2016-09-01,42.98
0,2016-08-31,44.79
1,2016-08-30,46.16
2,2016-08-29,45.82
3,2016-08-26,44.62
4,2016-08-25,45.59
5,2016-08-24,45.96
6,2016-08-23,45.38
7,2016-08-22,46.85
8,2016-08-19,47.26
9,2016-08-18,46.65
10,2016-08-17,45.85
11,2016-08-16,45.74
12,2016-08-15,44.43
13,2016-08-12,42.89
14,2016-08-11,40.49
15,2016-08-10,41.34
16,2016-08-09,0.0
17,2016-08-08,41.59
18,2016-08-05,41.22
19,2016-08-04,39.99
20,2016-08-03,38.54
21,2016-08-02,38.85
22,2016-08-01,40.04
0,2016-07-29,38.64
1,2016-07-28,39.88
2,2016-07-27,40.59
3,2016-07-26,40.37
4,2016-07-25,41.38
5,2016-07-22,41.63
6,2016-07-21,42.73
7,2016-07-20,42.24
8,2016-07-19,42.21
9,2016-07-18,43.38
10,2016-07-15,42.59
11,2016-07-14,42.31
12,2016-07-13,43.41
13,2016-07-12,42.58
14,2016-07-11,41.97
15,2016-07-08,42.5
16,2016-07-07,44.99
17,2016-07-06,0.0
18,2016-07-05,45.01
19,2016-07-04,46.97
20,2016-07-01,45.19
0,2016-06-30,46.46
1,2016-06-29,45.73
2,2016-06-28,44.55
3,2016-06-27,45.11
4,2016-06-24,45.47
5,2016-06-23,46.48
6,2016-06-22,47.12
7,2016-06-21,46.4
8,2016-06-20,46.53
9,2016-06-17,44.48
10,2016-06-16,44.93
11,2016-06-15,46.09
12,2016-06-14,46.3
13,2016-06-13,47.06
14,2016-06-10,48.23
15,2016-06-09,48.98
16,2016-06-08,47.99
17,2016-06-07,46.82
18,2016-06-06,45.91
19,2016-06-03,46.28
20,2016-06-02,46.17
21,2016-06-01,45.44
0,2016-05-31,45.9
1,2016-05-30,45.54
2,2016-05-27,45.31
3,2016-05-26,45.74
4,2016-05-25,45.27
5,2016-05-24,44.55
6,2016-05-23,44.87
7,2016-05-20,45.65
8,2016-05-19,44.75
9,2016-05-18,45.76
10,2016-05-17,45.68
11,2016-05-16,45.35
12,2016-05-13,44.39
13,2016-05-12,44.65
14,2016-05-11,42.18
15,2016-05-10,41.23
16,2016-05-09,42.84
17,2016-05-06,42.2
18,2016-05-05,42.45
19,2016-05-04,42.05
20,2016-05-03,43.03
21,2016-05-02,0.0
0,2016-04-29,44.26
1,2016-04-28,43.22
2,2016-04-27,42.59
3,2016-04-26,40.83
4,2016-04-25,40.86
5,2016-04-22,41.01
6,2016-04-21,41.7
7,2016-04-20,39.03
8,2016-04-19,39.17
9,2016-04-18,37.73
10,2016-04-15,39.37
11,2016-04-14,39.66
12,2016-04-13,40.11
13,2016-04-12,38.36
14,2016-04-11,37.79
15,2016-04-08,36.71
16,2016-04-07,36.48
17,2016-04-06,34.69
18,2016-04-05,33.83
19,2016-04-04,34.84
20,2016-04-01,36.22
0,2016-03-31,35.05
1,2016-03-30,35.45
2,2016-03-29,36.17
3,2016-03-28,36.31
4,2016-03-24,36.04
5,2016-03-23,37.14
6,2016-03-22,37.43
7,2016-03-21,37.14
8,2016-03-18,37.42
9,2016-03-17,36.67
10,2016-03-16,34.8
11,2016-03-15,34.66
12,2016-03-14,35.69
13,2016-03-11,36.37
14,2016-03-10,36.25
15,2016-03-09,35.03
16,2016-03-08,35.56
17,2016-03-07,34.39
18,2016-03-04,32.17
19,2016-03-03,32.04
20,2016-03-02,31.95
21,2016-03-01,31.65
0,2016-02-29,29.99
1,2016-02-26,30.43
2,2016-02-25,29.46
3,2016-02-24,28.57
4,2016-02-23,29.69
5,2016-02-22,29.33
6,2016-02-19,30.07
7,2016-02-18,30.25
8,2016-02-17,28.31
9,2016-02-16,30.66
10,2016-02-15,29.22
11,2016-02-12,26.86
12,2016-02-11,26.08
13,2016-02-10,26.2
14,2016-02-09,0.0
15,2016-02-08,0.0
16,2016-02-05,29.22
17,2016-02-04,29.51
18,2016-02-03,27.52
19,2016-02-02,28.08
20,2016-02-01,29.01
0,2016-01-29,28.37
1,2016-01-28,27.08
2,2016-01-27,26.11
3,2016-01-26,24.84
4,2016-01-25,26.1
5,2016-01-22,23.88
6,2016-01-21,22.83
7,2016-01-20,23.36
8,2016-01-19,24.72
9,2016-01-18,24.65
10,2016-01-15,26.22
11,2016-01-14,26.04
12,2016-01-13,26.49
13,2016-01-12,26.44
14,2016-01-11,28.07
15,2016-01-08,29.11
16,2016-01-07,27.96
17,2016-01-06,30.76
18,2016-01-05,31.66
19,2016-01-04,32.54
0,2015-12-31,32.19
1,2015-12-30,32.74
2,2015-12-29,32.11
3,2015-12-28,32.61
4,2015-12-24,32.83
5,2015-12-23,31.82
6,2015-12-22,32.0
7,2015-12-21,31.98
8,2015-12-18,32.98
9,2015-12-17,32.86
10,2015-12-16,34.24
11,2015-12-15,33.82
12,2015-12-14,34.64
13,2015-12-11,36.2
14,2015-12-10,36.51
15,2015-12-09,36.49
16,2015-12-08,36.91
17,2015-12-07,38.35
18,2015-12-04,39.11
19,2015-12-03,38.29
20,2015-12-02,39.75
21,2015-12-01,39.8
0,2015-11-30,39.87
1,2015-11-27,40.37
2,2015-11-26,40.94
3,2015-11-25,41.4
4,2015-11-24,40.7
5,2015-11-23,39.57
6,2015-11-20,40.07
7,2015-11-19,40.13
8,2015-11-18,39.64
9,2015-11-17,40.39
10,2015-11-16,40.35
11,2015-11-13,40.77
12,2015-11-12,41.68
13,2015-11-11,42.59
14,2015-11-10,0.0
15,2015-11-09,42.88
16,2015-11-06,43.16
17,2015-11-05,43.7
18,2015-11-04,45.45
19,2015-11-03,43.89
20,2015-11-02,44.55
0,2015-10-30,43.94
1,2015-10-29,44.45
2,2015-10-28,43.11
3,2015-10-27,43.01
4,2015-10-26,43.48
5,2015-10-23,43.9
6,2015-10-22,43.71
7,2015-10-21,44.43
8,2015-10-20,44.61
9,2015-10-19,46.22
10,2015-10-16,46.58
11,2015-10-15,46.44
12,2015-10-14,46.52
13,2015-10-13,47.08
14,2015-10-12,49.61
15,2015-10-09,49.99
16,2015-10-08,48.41
17,2015-10-07,48.97
18,2015-10-06,46.48
19,2015-10-05,45.91
20,2015-10-02,45.38
21,2015-10-01,45.92
0,2015-09-30,44.31
1,2015-09-29,43.95
2,2015-09-28,45.01
3,2015-09-25,44.98
4,2015-09-24,0.0
5,2015-09-23,45.13
6,2015-09-22,45.0
7,2015-09-21,44.58
8,2015-09-18,45.99
9,2015-09-17,46.78
10,2015-09-16,44.08
11,2015-09-15,43.87
12,2015-09-14,45.47
13,2015-09-11,0.0
14,2015-09-10,45.75
15,2015-09-09,47.55
16,2015-09-08,45.93
17,2015-09-07,46.6
18,2015-09-04,47.19
19,2015-09-03,47.01
20,2015-09-02,46.16
21,2015-09-01,49.98
0,2015-08-31,48.72
1,2015-08-28,46.84
2,2015-08-27,43.57
3,2015-08-26,42.94
4,2015-08-25,42.66
5,2015-08-24,44.4
6,2015-08-21,46.23
7,2015-08-20,46.73
8,2015-08-19,48.27
9,2015-08-18,48.22
10,2015-08-17,48.53
11,2015-08-14,49.43
12,2015-08-13,49.87
13,2015-08-12,49.37
14,2015-08-11,50.59
15,2015-08-10,49.71
16,2015-08-07,0.0
17,2015-08-06,49.71
18,2015-08-05,50.09
19,2015-08-04,50.13
20,2015-08-03,51.11
0,2015-07-31,52.07
1,2015-07-30,52.53
2,2015-07-29,51.86
3,2015-07-28,51.85
4,2015-07-27,52.87
5,2015-07-24,53.45
6,2015-07-23,54.22
7,2015-07-22,55.03
8,2015-07-21,54.68
9,2015-07-20,55.4
10,2015-07-17,0.0
11,2015-07-16,55.75
12,2015-07-15,56.93
13,2015-07-14,56.25
14,2015-07-13,57.75
15,2015-07-10,58.19
16,2015-07-09,56.69
17,2015-07-08,54.98
18,2015-07-07,55.16
19,2015-07-06,57.93
20,2015-07-03,59.45
21,2015-07-02,59.51
22,2015-07-01,60.93
0,2015-06-30,59.56
1,2015-06-29,59.36
2,2015-06-26,60.01
3,2015-06-25,60.26
4,2015-06-24,61.09
5,2015-06-23,60.11
6,2015-06-22,59.82
7,2015-06-19,60.93
8,2015-06-18,60.98
9,2015-06-17,60.81
10,2015-06-16,60.46
11,2015-06-15,61.29
12,2015-06-12,62.42
13,2015-06-11,63.44
14,2015-06-10,62.66
15,2015-06-09,59.64
16,2015-06-08,60.23
17,2015-06-05,59.03
18,2015-06-04,60.71
19,2015-06-03,62.3
20,2015-06-02,62.49
21,2015-06-01,0.0
0,2015-05-29,61.11
1,2015-05-28,60.64
2,2015-05-27,62.11
3,2015-05-26,63.07
4,2015-05-25,62.98
5,2015-05-22,64.03
6,2015-05-21,62.68
7,2015-05-20,61.75
8,2015-05-19,62.79
9,2015-05-18,63.58
10,2015-05-15,63.49
11,2015-05-14,63.61
12,2015-05-13,64.21
13,2015-05-12,62.4
14,2015-05-11,62.84
15,2015-05-08,62.96
16,2015-05-07,65.06
17,2015-05-06,64.79
18,2015-05-05,63.28
19,2015-05-04,63.03
20,2015-05-01,0.0
0,2015-04-30,62.69
1,2015-04-29,61.65
2,2015-04-28,61.62
3,2015-04-27,62.0
4,2015-04-24,61.43
5,2015-04-23,58.6
6,2015-04-22,58.03
7,2015-04-21,59.25
8,2015-04-20,59.34
9,2015-04-17,59.21
10,2015-04-16,58.66
11,2015-04-15,56.82
12,2015-04-14,56.32
13,2015-04-13,56.58
14,2015-04-10,54.28
15,2015-04-09,53.31
16,2015-04-08,55.92
17,2015-04-07,55.01
18,2015-04-06,53.95
19,2015-04-02,54.63
20,2015-04-01,52.83
0,2015-03-31,53.84
1,2015-03-30,53.95
2,2015-03-27,56.37
3,2015-03-26,53.99
4,2015-03-25,52.69
5,2015-03-24,53.4
6,2015-03-23,52.87
7,2015-03-20,52.06
8,2015-03-19,53.4
9,2015-03-18,51.24
10,2015-03-17,51.64
11,2015-03-16,52.75
12,2015-03-13,54.96
13,2015-03-12,55.4
14,2015-03-11,53.5
15,2015-03-10,55.48
16,2015-03-09,56.58
17,2015-03-06,57.26
18,2015-03-05,57.35
19,2015-03-04,57.8
20,2015-03-03,57.15
21,2015-03-02,59.58
0,2015-02-27,57.39
1,2015-02-26,58.42
2,2015-02-25,55.84
3,2015-02-24,56.06
4,2015-02-23,57.29
5,2015-02-20,0.0
6,2015-02-19,0.0
7,2015-02-18,59.32
8,2015-02-17,58.89
9,2015-02-16,58.83
10,2015-02-13,57.7
11,2015-02-12,54.75
12,2015-02-11,54.91
13,2015-02-10,55.83
14,2015-02-09,55.37
15,2015-02-06,54.23
16,2015-02-05,51.41
17,2015-02-04,54.72
18,2015-02-03,52.62
19,2015-02-02,48.81
0,2015-01-30,45.59
1,2015-01-29,44.63
2,2015-01-28,44.83
3,2015-01-27,43.63
4,2015-01-26,44.15
5,2015-01-23,44.42
6,2015-01-22,48.52
7,2015-01-21,44.75
8,2015-01-20,44.82
9,2015-01-19,46.04
10,2015-01-16,43.92
11,2015-01-15,44.48
12,2015-01-14,42.55
13,2015-01-13,43.3
14,2015-01-12,45.67
15,2015-01-09,47.41
16,2015-01-08,47.5
17,2015-01-07,46.6
18,2015-01-06,48.08
19,2015-01-05,50.98
20,2015-01-02,53.27
0,2014-12-31,53.6
1,2014-12-30,53.62
2,2014-12-29,55.87
3,2014-12-26,56.32
4,2014-12-24,57.22
5,2014-12-23,56.2
6,2014-12-22,58.09
7,2014-12-19,55.7
8,2014-12-18,56.42
9,2014-12-17,55.56
10,2014-12-16,56.5
11,2014-12-15,59.56
12,2014-12-12,60.51
13,2014-12-11,61.57
14,2014-12-10,63.76
15,2014-12-09,63.2
16,2014-12-08,65.62
17,2014-12-05,66.24
18,2014-12-04,66.95
19,2014-12-03,67.07
20,2014-12-02,69.02
21,2014-12-01,66.49
0,2014-11-28,69.09
1,2014-11-27,73.33
2,2014-11-26,75.71
3,2014-11-25,77.11
4,2014-11-24,77.54
5,2014-11-21,75.9
6,2014-11-20,74.18
7,2014-11-19,74.46
8,2014-11-18,75.08
9,2014-11-17,75.14
10,2014-11-14,74.01
11,2014-11-13,77.56
12,2014-11-12,78.55
13,2014-11-11,79.16
14,2014-11-10,80.08
15,2014-11-07,79.67
16,2014-11-06,79.8
17,2014-11-05,79.77
18,2014-11-04,81.65
19,2014-11-03,84.04
0,2014-10-31,84.27
1,2014-10-30,84.82
2,2014-10-29,84.14
3,2014-10-28,83.98
4,2014-10-27,84.19
5,2014-10-24,84.63
6,2014-10-23,83.25
7,2014-10-22,0.0
8,2014-10-21,84.33
9,2014-10-20,84.89
10,2014-10-17,83.85
11,2014-10-16,83.07
12,2014-10-15,84.23
13,2014-10-14,87.34
14,2014-10-13,88.25
15,2014-10-10,88.04
16,2014-10-09,89.23
17,2014-10-08,89.93
18,2014-10-07,90.88
19,2014-10-06,90.14
20,2014-10-03,91.12
21,2014-10-02,91.86
22,2014-10-01,93.52
0,2014-09-30,95.01
1,2014-09-29,94.9
2,2014-09-26,94.91
3,2014-09-25,94.92
4,2014-09-24,94.84
5,2014-09-23,94.92
6,2014-09-22,95.92
7,2014-09-19,95.42
8,2014-09-18,96.37
9,2014-09-17,96.46
10,2014-09-16,94.94
11,2014-09-15,95.19
12,2014-09-12,95.89
13,2014-09-11,95.81
14,2014-09-10,96.77
15,2014-09-09,97.56
16,2014-09-08,98.07
17,2014-09-05,99.03
18,2014-09-04,100.05
19,2014-09-03,97.74
20,2014-09-02,100.39
21,2014-09-01,100.94
0,2014-08-29,100.52
1,2014-08-28,100.68
2,2014-08-27,100.51
3,2014-08-26,100.49
4,2014-08-25,100.24
5,2014-08-22,100.52
6,2014-08-21,100.3
7,2014-08-20,100.45
8,2014-08-19,100.64
9,2014-08-18,102.12
10,2014-08-15,100.96
11,2014-08-14,103.02
12,2014-08-13,101.98
13,2014-08-12,103.25
14,2014-08-11,103.48
15,2014-08-08,103.85
16,2014-08-07,103.0
17,2014-08-06,102.87
18,2014-08-05,103.81
19,2014-08-04,103.15
20,2014-08-01,104.92
0,2014-07-31,105.23
1,2014-07-30,105.98
2,2014-07-29,105.84
3,2014-07-28,0.0
4,2014-07-25,105.15
5,2014-07-24,105.79
6,2014-07-23,105.33
7,2014-07-22,105.53
8,2014-07-21,105.17
9,2014-07-18,105.71
10,2014-07-17,104.96
11,2014-07-16,105.06
12,2014-07-15,104.49
13,2014-07-14,104.76
14,2014-07-11,106.03
15,2014-07-10,105.67
16,2014-07-09,106.11
17,2014-07-08,106.94
18,2014-07-07,107.15
19,2014-07-04,107.95
20,2014-07-03,107.72
21,2014-07-02,109.16
22,2014-07-01,109.18
0,2014-06-30,109.29
1,2014-06-27,109.68
2,2014-06-26,109.89
3,2014-06-25,110.05
4,2014-06-24,109.76
5,2014-06-23,111.23
6,2014-06-20,110.74
7,2014-06-19,110.46
8,2014-06-18,109.94
9,2014-06-17,108.76
10,2014-06-16,109.27
11,2014-06-13,109.51
12,2014-06-12,106.96
13,2014-06-11,105.37
14,2014-06-10,105.16
15,2014-06-09,105.14
16,2014-06-06,105.31
17,2014-06-05,104.28
18,2014-06-04,105.31
19,2014-06-03,104.85
20,2014-06-02,105.6
0,2014-05-30,106.28
1,2014-05-29,106.33
2,2014-05-28,106.59
3,2014-05-27,106.81
4,2014-05-26,106.66
5,2014-05-23,106.84
6,2014-05-22,106.94
7,2014-05-21,106.59
8,2014-05-20,106.12
9,2014-05-19,106.56
10,2014-05-16,105.07
11,2014-05-15,105.78
12,2014-05-14,105.67
13,2014-05-13,0.0
14,2014-05-12,104.46
15,2014-05-09,104.99
16,2014-05-08,104.09
17,2014-05-07,103.59
18,2014-05-06,103.91
19,2014-05-05,104.75
20,2014-05-02,104.39
21,2014-05-01,0.0
0,2014-04-30,104.49
1,2014-04-29,104.78
2,2014-04-28,106.02
3,2014-04-25,106.38
4,2014-04-24,105.74
5,2014-04-23,105.87
6,2014-04-22,106.31
7,2014-04-21,105.76
8,2014-04-17,105.84
9,2014-04-16,106.4
10,2014-04-15,105.36
11,2014-04-14,105.16
12,2014-04-11,104.13
13,2014-04-10,104.56
14,2014-04-09,104.09
15,2014-04-08,103.16
16,2014-04-07,102.36
17,2014-04-04,103.04
18,2014-04-03,101.29
19,2014-04-02,102.44
20,2014-04-01,104.11
0,2014-03-31,104.44
1,2014-03-28,104.58
2,2014-03-27,104.04
3,2014-03-26,104.29
4,2014-03-25,104.01
5,2014-03-24,103.66
6,2014-03-21,104.2
7,2014-03-20,103.47
8,2014-03-19,103.4
9,2014-03-18,103.46
10,2014-03-17,104.66
11,2014-03-14,103.96
12,2014-03-13,104.14
13,2014-03-12,103.79
14,2014-03-11,104.21
15,2014-03-10,104.26
16,2014-03-07,104.31
17,2014-03-06,103.94
18,2014-03-05,105.34
19,2014-03-04,106.06
20,2014-03-03,107.25
0,2014-02-28,105.39
1,2014-02-27,105.55
2,2014-02-26,105.65
3,2014-02-25,106.34
4,2014-02-24,106.26
5,2014-02-21,106.57
6,2014-02-20,106.52
7,2014-02-19,106.84
8,2014-02-18,106.73
9,2014-02-17,106.25
10,2014-02-14,105.08
11,2014-02-13,104.81
12,2014-02-12,105.19
13,2014-02-11,104.98
14,2014-02-10,105.13
15,2014-02-07,103.35
16,2014-02-06,102.58
17,2014-02-05,102.19
18,2014-02-04,101.98
19,2014-02-03,102.26
0,2014-01-31,0.0
1,2014-01-30,103.77
2,2014-01-29,103.78
3,2014-01-28,103.82
4,2014-01-27,104.29
5,2014-01-24,104.13
6,2014-01-23,104.63
7,2014-01-22,103.94
8,2014-01-21,103.73
9,2014-01-20,103.28
10,2014-01-17,102.81
11,2014-01-16,103.01
12,2014-01-15,102.61
13,2014-01-14,103.21
14,2014-01-13,103.51
15,2014-01-10,103.99
16,2014-01-09,104.06
17,2014-01-08,104.14
18,2014-01-07,104.11
19,2014-01-06,104.29
20,2014-01-03,105.22
21,2014-01-02,107.79
