date,price
2022년 04월 22일,1242.6
2022년 04월 21일,1239.4
2022년 04월 20일,1236.705
2022년 04월 19일,1237.92
2022년 04월 18일,1232.345
2022년 04월 15일,1229.56
2022년 04월 14일,1227.09
2022년 04월 13일,1226.7
2022년 04월 12일,1231.575
2022년 04월 11일,1232.875
2022년 04월 08일,1226.075
2022년 04월 07일,1220.16
2022년 04월 06일,1218.9
2022년 04월 05일,1215.31
2022년 04월 04일,1216.9
2022년 04월 01일,1217.33
2022년 03월 31일,1211.815
2022년 03월 30일,1210.14
2022년 03월 29일,1216.195
2022년 03월 28일,1225.065
2022년 03월 25일,1221.33
2022년 03월 24일,1221.075
2022년 03월 23일,1215.355
2022년 03월 22일,1219.215
2022년 03월 21일,1214.81
2022년 03월 18일,1212.14
2022년 03월 17일,1217.765
2022년 03월 16일,1234.69
2022년 03월 15일,1243.325
2022년 03월 14일,1238.75
2022년 03월 11일,1233.07
2022년 03월 10일,1227.435
2022년 03월 09일,1229.345
2022년 03월 08일,1233.4
2022년 03월 07일,1226.76
2022년 03월 04일,1213.065
2022년 03월 03일,1205.735
2022년 03월 02일,1205.485
2022년 03월 01일,1202.025
2022년 02월 28일,1204.865
2022년 02월 25일,1202.315
2022년 02월 24일,1201.7
2022년 02월 23일,1191.99
2022년 02월 22일,1193.67
2022년 02월 21일,1194.725
2022년 02월 18일,1196.25
2022년 02월 17일,1197.25
2022년 02월 16일,1197.395
2022년 02월 15일,1197.94
2022년 02월 14일,1197.05
2022년 02월 11일,1197.55
2022년 02월 10일,1197.035
2022년 02월 09일,1195.245
2022년 02월 08일,1198.295
2022년 02월 07일,1198.905
2022년 02월 04일,1199.43
2022년 02월 03일,1202.935
2022년 02월 02일,1201.615
2022년 02월 01일,1204.81
2022년 01월 31일,1208.56
2022년 01월 28일,1208.755
2022년 01월 27일,1202.97
2022년 01월 26일,1196.4
2022년 01월 25일,1197.55
2022년 01월 24일,1195.195
2022년 01월 21일,1192.595
2022년 01월 20일,1190.535
2022년 01월 19일,1190.3
2022년 01월 18일,1190.13
2022년 01월 17일,1191.81
2022년 01월 14일,1189.045
2022년 01월 13일,1186.99
2022년 01월 12일,1189.155
2022년 01월 11일,1195.45
2022년 01월 10일,1198.88
2022년 01월 07일,1201.55
2022년 01월 06일,1202.155
2022년 01월 05일,1198.045
2022년 01월 04일,1196.12
2022년 01월 03일,1190.705
2021년 12월 31일,1188.99
2021년 12월 30일,1186.735
2021년 12월 29일,1186.325
2021년 12월 28일,1187.35
2021년 12월 27일,1186.825
2021년 12월 24일,1186.545
2021년 12월 23일,1187.825
2021년 12월 22일,1191.24
2021년 12월 21일,1191.405
2021년 12월 20일,1189.73
2021년 12월 17일,1184.33
2021년 12월 16일,1185.245
2021년 12월 15일,1187.075
2021년 12월 14일,1183.675
2021년 12월 13일,1181.595
2021년 12월 10일,1179.61
2021년 12월 09일,1175.995
2021년 12월 08일,1177.215
2021년 12월 07일,1180.295
2021년 12월 06일,1183.095
2021년 12월 03일,1179.73
2021년 12월 02일,1176.335
2021년 12월 01일,1179.41
2021년 11월 30일,1186.995
2021년 11월 29일,1192.95
2021년 11월 26일,1193
2021년 11월 25일,1190.05
2021년 11월 24일,1187.905
2021년 11월 23일,1189.765
2021년 11월 22일,1188.085
2021년 11월 19일,1184.415
2021년 11월 18일,1182.84
2021년 11월 17일,1183.27
2021년 11월 16일,1180.55
2021년 11월 15일,1180.975
2021년 11월 12일,1180.205
2021년 11월 11일,1182.735
2021년 11월 10일,1181.485
2021년 11월 09일,1177.73
2021년 11월 08일,1182.835
2021년 11월 05일,1184.82
2021년 11월 04일,1182.875
2021년 11월 03일,1181.965
2021년 11월 02일,1176.97
2021년 11월 01일,1176.585
2021년 10월 29일,1172.44
2021년 10월 28일,1170.38
2021년 10월 27일,1169.77
2021년 10월 26일,1167.11
2021년 10월 25일,1172.96
2021년 10월 22일,1177.67
2021년 10월 21일,1176.505
2021년 10월 20일,1175.635
2021년 10월 19일,1179.885
2021년 10월 18일,1185.62
2021년 10월 15일,1183.09
2021년 10월 14일,1186.35
2021년 10월 13일,1192.895
2021년 10월 12일,1198.14
2021년 10월 11일,1194.44
2021년 10월 08일,1193.98
2021년 10월 07일,1190.115
2021년 10월 06일,1191.92
2021년 10월 05일,1186.475
2021년 10월 04일,1182.19
2021년 10월 01일,1184.125
2021년 09월 30일,1184.8
2021년 09월 29일,1185.23
2021년 09월 28일,1182.52
2021년 09월 27일,1178.22
2021년 09월 24일,1176.93
2021년 09월 23일,1178.49
2021년 09월 22일,1181.89
2021년 09월 21일,1185.635
2021년 09월 20일,1186.94
2021년 09월 17일,1178.52
2021년 09월 16일,1171.07
2021년 09월 15일,1169.735
2021년 09월 14일,1170.79
2021년 09월 13일,1173.775
2021년 09월 10일,1169.48
2021년 09월 09일,1169.13
2021년 09월 08일,1164.99
2021년 09월 07일,1160.51
2021년 09월 06일,1157.25
2021년 09월 03일,1156.125
2021년 09월 02일,1158.745
2021년 09월 01일,1157.59
2021년 08월 31일,1161.305
2021년 08월 30일,1164.795
2021년 08월 27일,1167.83
2021년 08월 26일,1167.49
2021년 08월 25일,1166.145
2021년 08월 24일,1167.335
2021년 08월 23일,1172.495
2021년 08월 20일,1178.03
2021년 08월 19일,1174.03
2021년 08월 18일,1173.415
2021년 08월 17일,1172.2
2021년 08월 16일,1165.135
2021년 08월 13일,1165.765
2021년 08월 12일,1159.555
2021년 08월 11일,1155.79
2021년 08월 10일,1150.035
2021년 08월 09일,1145.605
2021년 08월 06일,1144.22
2021년 08월 05일,1143.73
2021년 08월 04일,1144.87
2021년 08월 03일,1150.25
2021년 08월 02일,1151.56
2021년 07월 30일,1148.41
2021년 07월 29일,1146.3
2021년 07월 28일,1154.6
2021년 07월 27일,1153.755
2021년 07월 26일,1154.25
2021년 07월 23일,1151.28
2021년 07월 22일,1149.985
2021년 07월 21일,1151.755
2021년 07월 20일,1149.81
2021년 07월 19일,1148.72
2021년 07월 16일,1141.135
2021년 07월 15일,1143.62
2021년 07월 14일,1147.45
2021년 07월 13일,1147.055
2021년 07월 12일,1147.12
2021년 07월 09일,1146.85
2021년 07월 08일,1145.62
2021년 07월 07일,1139.65
2021년 07월 06일,1134.5
2021년 07월 05일,1130.425
2021년 07월 02일,1134.1
2021년 07월 01일,1132.13
2021년 06월 30일,1129.24
2021년 06월 29일,1131.21
2021년 06월 28일,1129.63
2021년 06월 25일,1128.6
2021년 06월 24일,1134.33
2021년 06월 23일,1134.9
2021년 06월 22일,1134.58
2021년 06월 21일,1135.19
2021년 06월 18일,1133.1
2021년 06월 17일,1132.175
2021년 06월 16일,1126.455
2021년 06월 15일,1117.765
2021년 06월 14일,1117.25
2021년 06월 11일,1113.895
2021년 06월 10일,1115.595
2021년 06월 09일,1115.66
2021년 06월 08일,1113.9
2021년 06월 07일,1111.8
2021년 06월 04일,1114.14
2021년 06월 03일,1113.84
2021년 06월 02일,1110.795
2021년 06월 01일,1107.64
2021년 05월 31일,1111.96
2021년 05월 28일,1116.105
2021년 05월 27일,1117.695
2021년 05월 26일,1119.08
2021년 05월 25일,1123.45
2021년 05월 24일,1126.2
2021년 05월 21일,1125.8
2021년 05월 20일,1130.79
2021년 05월 19일,1128.955
2021년 05월 18일,1132.69
2021년 05월 17일,1132.845
2021년 05월 14일,1128.27
2021년 05월 13일,1131.15
2021년 05월 12일,1126.34
2021년 05월 11일,1118.67
2021년 05월 10일,1114.295
2021년 05월 07일,1116.575
2021년 05월 06일,1123.325
2021년 05월 05일,1125.24
2021년 05월 04일,1123.88
2021년 05월 03일,1120.225
2021년 04월 30일,1112.985
2021년 04월 29일,1108.235
2021년 04월 28일,1111.915
2021년 04월 27일,1111.41
2021년 04월 26일,1112.955
2021년 04월 23일,1117.74
2021년 04월 22일,1117.91
2021년 04월 21일,1118.195
2021년 04월 20일,1115.015
2021년 04월 19일,1116.6
2021년 04월 16일,1117.315
2021년 04월 15일,1116.415
2021년 04월 14일,1118
2021년 04월 13일,1124.4
2021년 04월 12일,1123.785
2021년 04월 09일,1117.865
2021년 04월 08일,1118.075
2021년 04월 07일,1117.515
2021년 04월 06일,1121.125
2021년 04월 05일,1126.24
2021년 04월 02일,1128.335
2021년 04월 01일,1129.565
2021년 03월 31일,1130
2021년 03월 30일,1133.855
2021년 03월 29일,1132.59
2021년 03월 26일,1132.08
2021년 03월 25일,1134.975
2021년 03월 24일,1133.1
2021년 03월 23일,1129.75
2021년 03월 22일,1129.81
2021년 03월 19일,1130.055
2021년 03월 18일,1125.67
2021년 03월 17일,1127.48
2021년 03월 16일,1132.025
2021년 03월 15일,1134.85
2021년 03월 12일,1133.31
2021년 03월 11일,1134.945
2021년 03월 10일,1140.455
2021년 03월 09일,1139.115
2021년 03월 08일,1135.565
2021년 03월 05일,1130.655
2021년 03월 04일,1128.21
2021년 03월 03일,1122.5
2021년 03월 02일,1115.17
2021년 03월 01일,1119.12
2021년 02월 26일,1124.37
2021년 02월 25일,1113.655
2021년 02월 24일,1109.915
2021년 02월 23일,1111.525
2021년 02월 22일,1109.465
2021년 02월 19일,1106.75
2021년 02월 18일,1106.67
2021년 02월 17일,1107.65
2021년 02월 16일,1103.23
2021년 02월 15일,1103.35
2021년 02월 12일,1104.66
2021년 02월 11일,1105.035
2021년 02월 10일,1108.875
2021년 02월 09일,1114.415
2021년 02월 08일,1119.11
2021년 02월 05일,1122.035
2021년 02월 04일,1117.61
2021년 02월 03일,1114.525
2021년 02월 02일,1116.675
2021년 02월 01일,1118.265
2021년 01월 29일,1116.955
2021년 01월 28일,1114.425
2021년 01월 27일,1105.385
2021년 01월 26일,1104.355
2021년 01월 25일,1102.985
2021년 01월 22일,1103.12
2021년 01월 21일,1099.63
2021년 01월 20일,1100.135
2021년 01월 19일,1103.185
2021년 01월 18일,1105.35
2021년 01월 15일,1100.13
2021년 01월 14일,1098.675
2021년 01월 13일,1095.85
2021년 01월 12일,1098.215
2021년 01월 11일,1096.89
2021년 01월 08일,1094
2021년 01월 07일,1091.1
2021년 01월 06일,1086.85
2021년 01월 05일,1086.185
2021년 01월 04일,1084.16
2021년 01월 01일,1085.675
2020년 12월 31일,1086.66
2020년 12월 30일,1089.22
2020년 12월 29일,1094.6
2020년 12월 28일,1098.53
2020년 12월 25일,1101.42
2020년 12월 24일,1103.975
2020년 12월 23일,1107.865
2020년 12월 22일,1106.755
2020년 12월 21일,1105.34
2020년 12월 18일,1096.56
2020년 12월 17일,1092.85
2020년 12월 16일,1092.3
2020년 12월 15일,1092.315
2020년 12월 14일,1091.88
2020년 12월 11일,1089.915
2020년 12월 10일,1088.025
2020년 12월 09일,1084.895
2020년 12월 08일,1085.14
2020년 12월 07일,1084.37
2020년 12월 04일,1087.14
2020년 12월 03일,1095.805
2020년 12월 02일,1103.115
2020년 12월 01일,1107.775
2020년 11월 30일,1106.77
2020년 11월 27일,1104.95
2020년 11월 26일,1105.95
2020년 11월 25일,1108.1
2020년 11월 24일,1111.38
2020년 11월 23일,1113.365
2020년 11월 20일,1115.09
2020년 11월 19일,1112.585
2020년 11월 18일,1104.725
2020년 11월 17일,1106.185
2020년 11월 16일,1107.825
2020년 11월 13일,1112.075
2020년 11월 12일,1113.385
2020년 11월 11일,1113.53
2020년 11월 10일,1116.945
2020년 11월 09일,1116.385
2020년 11월 06일,1122.815
2020년 11월 05일,1128.005
2020년 11월 04일,1136.645
2020년 11월 03일,1133.475
2020년 11월 02일,1135.095
2020년 10월 30일,1132.695
2020년 10월 29일,1133.135
2020년 10월 28일,1132.77
2020년 10월 27일,1129.06
2020년 10월 26일,1130.61
2020년 10월 23일,1131.585
2020년 10월 22일,1134.755
2020년 10월 21일,1135.355
2020년 10월 20일,1139.565
2020년 10월 19일,1140.61
2020년 10월 16일,1144.435
2020년 10월 15일,1145.495
2020년 10월 14일,1146.14
2020년 10월 13일,1148.195
2020년 10월 12일,1147.625
2020년 10월 09일,1146.865
2020년 10월 08일,1154.87
2020년 10월 07일,1161.35
2020년 10월 06일,1161.245
2020년 10월 05일,1161.96
2020년 10월 02일,1165.23
2020년 10월 01일,1163.27
2020년 09월 30일,1167.655
2020년 09월 29일,1168.99
2020년 09월 28일,1171.02
2020년 09월 25일,1173.19
2020년 09월 24일,1171.695
2020년 09월 23일,1166.575
2020년 09월 22일,1162.48
2020년 09월 21일,1162.385
2020년 09월 18일,1165.09
2020년 09월 17일,1173.305
2020년 09월 16일,1175.915
2020년 09월 15일,1180.135
2020년 09월 14일,1184.535
2020년 09월 11일,1187.935
2020년 09월 10일,1186.305
2020년 09월 09일,1187.92
2020년 09월 08일,1188.335
2020년 09월 07일,1187.76
2020년 09월 04일,1190.075
2020년 09월 03일,1189.015
2020년 09월 02일,1187.945
2020년 09월 01일,1185.185
2020년 08월 31일,1183.89
2020년 08월 28일,1184.16
2020년 08월 27일,1185.665
2020년 08월 26일,1186.55
2020년 08월 25일,1187.46
2020년 08월 24일,1189.75
2020년 08월 21일,1188.305
2020년 08월 20일,1186.22
2020년 08월 19일,1180.305
2020년 08월 18일,1184.795
2020년 08월 17일,1185.45
2020년 08월 14일,1185.99
2020년 08월 13일,1183.78
2020년 08월 12일,1185.05
2020년 08월 11일,1184.83
2020년 08월 10일,1186.77
2020년 08월 07일,1187.175
2020년 08월 06일,1184.99
2020년 08월 05일,1188.56
2020년 08월 04일,1194.15
2020년 08월 03일,1194.05
2020년 07월 31일,1191.19
2020년 07월 30일,1192.905
2020년 07월 29일,1194.905
2020년 07월 28일,1196.13
2020년 07월 27일,1198.22
2020년 07월 24일,1201.65
2020년 07월 23일,1199.715
2020년 07월 22일,1196.1
2020년 07월 21일,1197.18
2020년 07월 20일,1203.695
2020년 07월 17일,1205.135
2020년 07월 16일,1203.84
2020년 07월 15일,1202.15
2020년 07월 14일,1205.905
2020년 07월 13일,1201.585
2020년 07월 10일,1201.105
2020년 07월 09일,1195.085
2020년 07월 08일,1195.805
2020년 07월 07일,1193.505
2020년 07월 06일,1195.605
2020년 07월 03일,1200.12
2020년 07월 02일,1200.415
2020년 07월 01일,1201.485
2020년 06월 30일,1199.885
2020년 06월 29일,1201.71
2020년 06월 26일,1200.915
2020년 06월 25일,1204.995
2020년 06월 24일,1203.79
2020년 06월 23일,1210.935
2020년 06월 22일,1212.56
2020년 06월 19일,1209.89
2020년 06월 18일,1212.925
2020년 06월 17일,1214.805
2020년 06월 16일,1209.655
2020년 06월 15일,1210.145
2020년 06월 12일,1205.545
2020년 06월 11일,1198.255
2020년 06월 10일,1192.515
2020년 06월 09일,1198.96
2020년 06월 08일,1199.9
2020년 06월 05일,1209.555
2020년 06월 04일,1216.57
2020년 06월 03일,1217.395
2020년 06월 02일,1221.83
2020년 06월 01일,1226.965
2020년 05월 29일,1235.44
2020년 05월 28일,1238.15
2020년 05월 27일,1234.97
2020년 05월 26일,1236.405
2020년 05월 25일,1241.25
2020년 05월 22일,1238.66
2020년 05월 21일,1230.48
2020년 05월 20일,1228.435
2020년 05월 19일,1224.305
2020년 05월 18일,1229.74
2020년 05월 15일,1230.94
2020년 05월 14일,1230.075
2020년 05월 13일,1225.785
2020년 05월 12일,1224.57
2020년 05월 11일,1220.18
2020년 05월 08일,1218.165
2020년 05월 07일,1223.57
2020년 05월 06일,1225.3
2020년 05월 05일,1221.51
2020년 05월 04일,1226.945
2020년 05월 01일,1219.485
2020년 04월 30일,1209.605
2020년 04월 29일,1216.935
2020년 04월 28일,1222.405
2020년 04월 27일,1227.955
2020년 04월 24일,1234.085
2020년 04월 23일,1232.475
2020년 04월 22일,1233.915
2020년 04월 21일,1230.97
2020년 04월 20일,1218.67
2020년 04월 17일,1221.7
2020년 04월 16일,1226.735
2020년 04월 15일,1217.69
2020년 04월 14일,1215.38
2020년 04월 13일,1216.645
2020년 04월 10일,1211.37
2020년 04월 09일,1215.515
2020년 04월 08일,1218.64
2020년 04월 07일,1217.175
2020년 04월 06일,1231.545
2020년 04월 03일,1232.415
2020년 04월 02일,1234.425
2020년 04월 01일,1228.035
2020년 03월 31일,1219.745
2020년 03월 30일,1219.695
2020년 03월 27일,1216.3
2020년 03월 26일,1223.955
2020년 03월 25일,1232.575
2020년 03월 24일,1252.97
2020년 03월 23일,1268.725
2020년 03월 20일,1250.91
2020년 03월 19일,1270.19
2020년 03월 18일,1250.375
2020년 03월 17일,1239.83
2020년 03월 16일,1221.515
2020년 03월 13일,1216.125
2020년 03월 12일,1202.66
2020년 03월 11일,1191.19
2020년 03월 10일,1193.665
2020년 03월 09일,1197.6
2020년 03월 06일,1189.84
2020년 03월 05일,1186.46
2020년 03월 04일,1184.99
2020년 03월 03일,1187.51
2020년 03월 02일,1198.095
2020년 02월 28일,1209.075
2020년 02월 27일,1212.79
2020년 02월 26일,1216.23
2020년 02월 25일,1214.585
2020년 02월 24일,1214.965
2020년 02월 21일,1209.105
2020년 02월 20일,1200.205
2020년 02월 19일,1190.7
2020년 02월 18일,1188.38
2020년 02월 17일,1182.535
2020년 02월 14일,1183.165
2020년 02월 13일,1181.63
2020년 02월 12일,1180.135
2020년 02월 11일,1184.495
2020년 02월 10일,1189.915
2020년 02월 07일,1190.505
2020년 02월 06일,1182.24
2020년 02월 05일,1186.54
2020년 02월 04일,1188.76
2020년 02월 03일,1194.805
2020년 01월 31일,1191.215
2020년 01월 30일,1185.945
2020년 01월 29일,1177.08
2020년 01월 28일,1178.42
2020년 01월 27일,1174.9
2020년 01월 24일,1168.54
2020년 01월 23일,1167.53
2020년 01월 22일,1166.11
2020년 01월 21일,1164.355
2020년 01월 20일,1159.035
2020년 01월 17일,1158.95
2020년 01월 16일,1159.235
2020년 01월 15일,1159.325
2020년 01월 14일,1154.98
2020년 01월 13일,1156.35
2020년 01월 10일,1160.855
2020년 01월 09일,1160.48
2020년 01월 08일,1170.085
2020년 01월 07일,1165.965
2020년 01월 06일,1169.385
2020년 01월 03일,1162.265
2020년 01월 02일,1157.315
2020년 01월 01일,1154.7
2019년 12월 31일,1155.97
2019년 12월 30일,1157.755
2019년 12월 27일,1160.455
2019년 12월 26일,1161.585
2019년 12월 25일,1162.26
2019년 12월 24일,1163.225
2019년 12월 23일,1161.97
2019년 12월 20일,1162.015
2019년 12월 19일,1165.205
2019년 12월 18일,1166.08
2019년 12월 17일,1166.385
2019년 12월 16일,1172.555
2019년 12월 13일,1173.675
2019년 12월 12일,1181.335
2019년 12월 11일,1192.365
2019년 12월 10일,1191.755
2019년 12월 09일,1189.335
2019년 12월 06일,1189.115
2019년 12월 05일,1190.405
2019년 12월 04일,1192.435
2019년 12월 03일,1188.94
2019년 12월 02일,1182.505
2019년 11월 29일,1180.16
2019년 11월 28일,1178.45
2019년 11월 27일,1175.55
2019년 11월 26일,1174.625
2019년 11월 25일,1176.72
2019년 11월 22일,1177.995
2019년 11월 21일,1174.675
2019년 11월 20일,1170.02
2019년 11월 19일,1167.99
2019년 11월 18일,1165.175
2019년 11월 15일,1166.48
2019년 11월 14일,1170.68
2019년 11월 13일,1169.495
2019년 11월 12일,1163.415
2019년 11월 11일,1162.615
2019년 11월 08일,1156.82
2019년 11월 07일,1158.005
2019년 11월 06일,1158.97
2019년 11월 05일,1158.62
2019년 11월 04일,1161.395
2019년 11월 01일,1167.765
2019년 10월 31일,1165.365
2019년 10월 30일,1167.58
2019년 10월 29일,1166.355
2019년 10월 28일,1169.82
2019년 10월 25일,1173.7
2019년 10월 24일,1171.59
2019년 10월 23일,1173.48
2019년 10월 22일,1171.945
2019년 10월 21일,1174.98
2019년 10월 18일,1180.51
2019년 10월 17일,1181.72
2019년 10월 16일,1187.29
2019년 10월 15일,1184.965
2019년 10월 14일,1183.79
2019년 10월 11일,1185.225
2019년 10월 10일,1195.325
2019년 10월 09일,1198.155
2019년 10월 08일,1196.205
2019년 10월 07일,1195.44
2019년 10월 04일,1197.32
2019년 10월 03일,1203.855
2019년 10월 02일,1204.395
2019년 10월 01일,1200.22
2019년 09월 30일,1199.55
2019년 09월 27일,1200.33
2019년 09월 26일,1200.215
2019년 09월 25일,1198.335
2019년 09월 24일,1195.265
2019년 09월 23일,1194.945
2019년 09월 20일,1191.355
2019년 09월 19일,1193.725
2019년 09월 18일,1190.63
2019년 09월 17일,1187.62
2019년 09월 16일,1183.88
2019년 09월 13일,1179.885
2019년 09월 12일,1184.48
2019년 09월 11일,1191.915
2019년 09월 10일,1191.62
2019년 09월 09일,1192.065
2019년 09월 06일,1194.38
2019년 09월 05일,1200.7
2019년 09월 04일,1207.74
2019년 09월 03일,1214.14
2019년 09월 02일,1212.25
2019년 08월 30일,1209.145
2019년 08월 29일,1212.575
2019년 08월 28일,1213.73
2019년 08월 27일,1213.05
2019년 08월 26일,1216.4
2019년 08월 23일,1212.35
2019년 08월 22일,1207.17
2019년 08월 21일,1204.36
2019년 08월 20일,1209.8
2019년 08월 19일,1211.085
2019년 08월 16일,1210.505
2019년 08월 15일,1215.965
2019년 08월 14일,1212.5
2019년 08월 13일,1215.095
2019년 08월 12일,1217.135
2019년 08월 09일,1212.215
2019년 08월 08일,1211.31
2019년 08월 07일,1215.835
2019년 08월 06일,1214.82
2019년 08월 05일,1211.845
2019년 08월 02일,1199.69
2019년 08월 01일,1192.1
2019년 07월 31일,1184.615
2019년 07월 30일,1182.045
2019년 07월 29일,1183.165
2019년 07월 26일,1184.2
2019년 07월 25일,1181.22
2019년 07월 24일,1178.665
2019년 07월 23일,1178.055
2019년 07월 22일,1177.26
2019년 07월 19일,1173.34
2019년 07월 18일,1178.18
2019년 07월 17일,1180.16
2019년 07월 16일,1179.37
2019년 07월 15일,1179.53
2019년 07월 12일,1177.02
2019년 07월 11일,1174.09
2019년 07월 10일,1179.33
2019년 07월 09일,1181.26
2019년 07월 08일,1178.605
2019년 07월 05일,1171.825
2019년 07월 04일,1169.32
2019년 07월 03일,1169.26
2019년 07월 02일,1164.465
2019년 07월 01일,1156.88
2019년 06월 28일,1156.45
2019년 06월 27일,1156.04
2019년 06월 26일,1156.305
2019년 06월 25일,1154.975
2019년 06월 24일,1157.705
2019년 06월 21일,1160.74
2019년 06월 20일,1165.045
2019년 06월 19일,1175.155
2019년 06월 18일,1180.725
2019년 06월 17일,1186.48
2019년 06월 14일,1185.015
2019년 06월 13일,1184.455
2019년 06월 12일,1181.635
2019년 06월 11일,1182.145
2019년 06월 10일,1184.045
2019년 06월 07일,1182.055
2019년 06월 06일,1180.23
2019년 06월 05일,1178.435
2019년 06월 04일,1181.02
2019년 06월 03일,1184.74
2019년 05월 31일,1190.91
2019년 05월 30일,1191.075
2019년 05월 29일,1191.985
2019년 05월 28일,1186.6
2019년 05월 27일,1184.74
2019년 05월 24일,1188.395
2019년 05월 23일,1191.34
2019년 05월 22일,1192.47
2019년 05월 21일,1194.025
2019년 05월 20일,1193.2
2019년 05월 17일,1192.735
2019년 05월 16일,1189.955
2019년 05월 15일,1189.005
2019년 05월 14일,1187.32
2019년 05월 13일,1182.975
2019년 05월 10일,1178.425
2019년 05월 09일,1178.565
2019년 05월 08일,1170.68
2019년 05월 07일,1170.175
2019년 05월 06일,1169.325
2019년 05월 03일,1168
2019년 05월 02일,1164.55
2019년 05월 01일,1163.28
2019년 04월 30일,1164.165
2019년 04월 29일,1159.14
2019년 04월 26일,1159.5
2019년 04월 25일,1160.935
2019년 04월 24일,1150.345
2019년 04월 23일,1142.185
2019년 04월 22일,1139.295
2019년 04월 19일,1136.765
2019년 04월 18일,1135.245
2019년 04월 17일,1134.78
2019년 04월 16일,1136.04
2019년 04월 15일,1133.97
2019년 04월 12일,1137.8
2019년 04월 11일,1139.735
2019년 04월 10일,1140.58
2019년 04월 09일,1141.475
2019년 04월 08일,1141.505
2019년 04월 05일,1136.975
2019년 04월 04일,1136.03
2019년 04월 03일,1135.485
2019년 04월 02일,1135.455
2019년 04월 01일,1134.69
2019년 03월 29일,1136.995
2019년 03월 28일,1137.96
2019년 03월 27일,1136.895
2019년 03월 26일,1133.725
2019년 03월 25일,1134.65
2019년 03월 22일,1133.335
2019년 03월 21일,1127.69
2019년 03월 20일,1128.3
2019년 03월 19일,1131.45
2019년 03월 18일,1134.215
2019년 03월 15일,1136.38
2019년 03월 14일,1133.845
2019년 03월 13일,1131.08
2019년 03월 12일,1130.045
2019년 03월 11일,1134.25
2019년 03월 08일,1135.095
2019년 03월 07일,1131.35
2019년 03월 06일,1128.135
2019년 03월 05일,1127.38
2019년 03월 04일,1126.055
2019년 03월 01일,1126.16
2019년 02월 28일,1121.935
2019년 02월 27일,1117.905
2019년 02월 26일,1117.43
2019년 02월 25일,1119.905
2019년 02월 22일,1124.45
2019년 02월 21일,1124.725
2019년 02월 20일,1123.02
2019년 02월 19일,1126.01
2019년 02월 18일,1125.515
2019년 02월 15일,1128.285
2019년 02월 14일,1126.69
2019년 02월 13일,1123.05
2019년 02월 12일,1124.485
2019년 02월 11일,1125.27
2019년 02월 08일,1124.61
2019년 02월 07일,1123.825
2019년 02월 06일,1119.795
2019년 02월 05일,1119.605
2019년 02월 04일,1120.895
2019년 02월 01일,1115.955
2019년 01월 31일,1112.085
2019년 01월 30일,1114.57
2019년 01월 29일,1119.4
2019년 01월 28일,1118.065
2019년 01월 25일,1123.56
2019년 01월 24일,1128.585
2019년 01월 23일,1129.285
2019년 01월 22일,1131.59
2019년 01월 21일,1129.45
2019년 01월 18일,1123.72
2019년 01월 17일,1122.58
2019년 01월 16일,1122
2019년 01월 15일,1122.055
2019년 01월 14일,1121.61
2019년 01월 11일,1117.01
2019년 01월 10일,1119.685
2019년 01월 09일,1121.34
2019년 01월 08일,1121.85
2019년 01월 07일,1118.17
2019년 01월 04일,1122.31
2019년 01월 03일,1125.125
2019년 01월 02일,1118.305
2019년 01월 01일,1113.82
2018년 12월 31일,1114.25
2018년 12월 28일,1118.11
2018년 12월 27일,1121.78
2018년 12월 26일,1125.095
2018년 12월 25일,1125.01
2018년 12월 24일,1126.805
2018년 12월 21일,1124.885
2018년 12월 20일,1126.375
2018년 12월 19일,1125.605
2018년 12월 18일,1129.65
2018년 12월 17일,1131.45
2018년 12월 14일,1130.245
2018년 12월 13일,1124.455
2018년 12월 12일,1127
2018년 12월 11일,1129.55
2018년 12월 10일,1126.96
2018년 12월 07일,1121.55
2018년 12월 06일,1118.1
2018년 12월 05일,1113.9
2018년 12월 04일,1109.55
2018년 12월 03일,1114.635
2018년 11월 30일,1120.635
2018년 11월 29일,1120.845
2018년 11월 28일,1127.51
2018년 11월 27일,1129.665
2018년 11월 26일,1130.55
2018년 11월 23일,1131.62
2018년 11월 22일,1130.3
2018년 11월 21일,1130.905
2018년 11월 20일,1128.585
2018년 11월 19일,1126.26
2018년 11월 16일,1126.455
2018년 11월 15일,1129.87
2018년 11월 14일,1133.655
2018년 11월 13일,1135.26
2018년 11월 12일,1135.4
2018년 11월 09일,1126.55
2018년 11월 08일,1118.65
2018년 11월 07일,1121.1
2018년 11월 06일,1122.915
2018년 11월 05일,1121.36
2018년 11월 02일,1120.7
2018년 11월 01일,1132.055
2018년 10월 31일,1140.68
2018년 10월 30일,1141.1
2018년 10월 29일,1140.94
2018년 10월 26일,1140.665
2018년 10월 25일,1138.025
2018년 10월 24일,1135.015
2018년 10월 23일,1136.14
2018년 10월 22일,1132.215
2018년 10월 19일,1135.045
2018년 10월 18일,1133.93
2018년 10월 17일,1126.085
2018년 10월 16일,1128.425
2018년 10월 15일,1131.4
2018년 10월 12일,1133.95
2018년 10월 11일,1140.53
2018년 10월 10일,1137.35
2018년 10월 09일,1135.385
2018년 10월 08일,1134.79
2018년 10월 05일,1131.05
2018년 10월 04일,1129.785
2018년 10월 03일,1121.92
2018년 10월 02일,1116.87
2018년 10월 01일,1111.865
2018년 09월 28일,1110.745
2018년 09월 27일,1112.885
2018년 09월 26일,1114.91
2018년 09월 25일,1119.155
2018년 09월 24일,1118.285
2018년 09월 21일,1116.5
2018년 09월 20일,1120.35
2018년 09월 19일,1122.35
2018년 09월 18일,1126.65
2018년 09월 17일,1125.705
2018년 09월 14일,1119.74
2018년 09월 13일,1121.78
2018년 09월 12일,1123.875
2018년 09월 11일,1127.65
2018년 09월 10일,1129.42
2018년 09월 07일,1125.24
2018년 09월 06일,1120.775
2018년 09월 05일,1120.46
2018년 09월 04일,1117.195
2018년 09월 03일,1114.15
2018년 08월 31일,1115.015
2018년 08월 30일,1111.86
2018년 08월 29일,1111.115
2018년 08월 28일,1108.67
2018년 08월 27일,1112.42
2018년 08월 24일,1119.455
2018년 08월 23일,1121.365
2018년 08월 22일,1118.825
2018년 08월 21일,1117.355
2018년 08월 20일,1121.16
2018년 08월 17일,1122.95
2018년 08월 16일,1130.725
2018년 08월 15일,1133.085
2018년 08월 14일,1132.5
2018년 08월 13일,1134.165
2018년 08월 10일,1127.8
2018년 08월 09일,1120.74
2018년 08월 08일,1118.84
2018년 08월 07일,1122.825
2018년 08월 06일,1125.375
2018년 08월 03일,1126.385
2018년 08월 02일,1125.4
2018년 08월 01일,1117.945
2018년 07월 31일,1116.1
2018년 07월 30일,1117.055
2018년 07월 27일,1120.405
2018년 07월 26일,1120.62
2018년 07월 25일,1124.295
2018년 07월 24일,1132.165
2018년 07월 23일,1132.37
2018년 07월 20일,1133.59
2018년 07월 19일,1135.255
2018년 07월 18일,1130.445
2018년 07월 17일,1125.925
2018년 07월 16일,1128.19
2018년 07월 13일,1128.77
2018년 07월 12일,1126.7
2018년 07월 11일,1121.73
2018년 07월 10일,1113.935
2018년 07월 09일,1113.315
2018년 07월 06일,1118.23
2018년 07월 05일,1118.515
2018년 07월 04일,1115.95
2018년 07월 03일,1118.99
2018년 07월 02일,1118.175
2018년 06월 29일,1116.74
2018년 06월 28일,1122.62
2018년 06월 27일,1121.145
2018년 06월 26일,1117.24
2018년 06월 25일,1114.805
2018년 06월 22일,1111.075
2018년 06월 21일,1110.28
2018년 06월 20일,1109.015
2018년 06월 19일,1110.125
2018년 06월 18일,1104.105
2018년 06월 15일,1096.16
2018년 06월 14일,1085.725
2018년 06월 13일,1084.255
2018년 06월 12일,1077.685
2018년 06월 11일,1074.93
2018년 06월 08일,1074.795
2018년 06월 07일,1069.87
2018년 06월 06일,1069.07
2018년 06월 05일,1070.435
2018년 06월 04일,1070.795
2018년 06월 01일,1076.385
2018년 05월 31일,1078.67
2018년 05월 30일,1081.295
2018년 05월 29일,1080.09
2018년 05월 28일,1074.785
2018년 05월 25일,1079.255
2018년 05월 24일,1080.69
2018년 05월 23일,1079.41
2018년 05월 22일,1076.59
2018년 05월 21일,1082.68
2018년 05월 18일,1081.425
2018년 05월 17일,1080.025
2018년 05월 16일,1080.545
2018년 05월 15일,1075.925
2018년 05월 14일,1068.015
2018년 05월 11일,1068.045
2018년 05월 10일,1072.97
2018년 05월 09일,1080.05
2018년 05월 08일,1078.71
2018년 05월 07일,1077.94
2018년 05월 04일,1076.475
2018년 05월 03일,1076.725
2018년 05월 02일,1076.45
2018년 05월 01일,1072.285
2018년 04월 30일,1068.86
2018년 04월 27일,1073.465
2018년 04월 26일,1079.69
2018년 04월 25일,1080.36
2018년 04월 24일,1078.26
2018년 04월 23일,1074.91
2018년 04월 20일,1069.865
2018년 04월 19일,1064.135
2018년 04월 18일,1066.815
2018년 04월 17일,1068.85
2018년 04월 16일,1073.075
2018년 04월 13일,1070.615
2018년 04월 12일,1069.76
2018년 04월 11일,1067.275
2018년 04월 10일,1068.355
2018년 04월 09일,1068.645
2018년 04월 06일,1067.565
2018년 04월 05일,1060.805
2018년 04월 04일,1060.54
2018년 04월 03일,1057.1
2018년 04월 02일,1058.03
2018년 03월 30일,1063.75
2018년 03월 29일,1064.95
2018년 03월 28일,1069.395
2018년 03월 27일,1072.39
2018년 03월 26일,1079.87
2018년 03월 23일,1081.46
2018년 03월 22일,1073.25
2018년 03월 21일,1068.79
2018년 03월 20일,1071.285
2018년 03월 19일,1072.235
2018년 03월 16일,1069
2018년 03월 15일,1066.705
2018년 03월 14일,1065.605
2018년 03월 13일,1065.5
2018년 03월 12일,1065.72
2018년 03월 09일,1069.825
2018년 03월 08일,1071.425
2018년 03월 07일,1067.645
2018년 03월 06일,1069.725
2018년 03월 05일,1080.15
2018년 03월 02일,1081.44
2018년 03월 01일,1084.78
2018년 02월 28일,1082.405
2018년 02월 27일,1075.355
2018년 02월 26일,1073.72
2018년 02월 23일,1078.96
2018년 02월 22일,1081.075
2018년 02월 21일,1074.52
2018년 02월 20일,1071.64
2018년 02월 19일,1068.185
2018년 02월 16일,1065.625
2018년 02월 15일,1068.17
2018년 02월 14일,1078.455
2018년 02월 13일,1084.11
2018년 02월 12일,1084.485
2018년 02월 09일,1091.65
2018년 02월 08일,1092.255
2018년 02월 07일,1085.045
2018년 02월 06일,1089.06
2018년 02월 05일,1090.245
2018년 02월 02일,1080.5
2018년 02월 01일,1071.81
2018년 01월 31일,1069.895
2018년 01월 30일,1072.085
2018년 01월 29일,1067.755
2018년 01월 26일,1064.3
2018년 01월 25일,1061.585
2018년 01월 24일,1068.105
2018년 01월 23일,1072.55
2018년 01월 22일,1069.165
2018년 01월 19일,1067.615
2018년 01월 18일,1069.735
2018년 01월 17일,1066.9
2018년 01월 16일,1064.915
2018년 01월 15일,1060.585
2018년 01월 12일,1063.585
2018년 01월 11일,1068.66
2018년 01월 10일,1069.925
2018년 01월 09일,1069.785
2018년 01월 08일,1065.07
2018년 01월 05일,1062.13
2018년 01월 04일,1065.42
2018년 01월 03일,1065.32
2018년 01월 02일,1064.24
2018년 01월 01일,1066.705
2017년 12월 29일,1067.52
2017년 12월 28일,1072.525
2017년 12월 27일,1074.94
2017년 12월 26일,1076.82
2017년 12월 25일,1077.075
2017년 12월 22일,1079.025
2017년 12월 21일,1080.965
2017년 12월 20일,1082.81
2017년 12월 19일,1085.96
2017년 12월 18일,1088.375
2017년 12월 15일,1089.35
2017년 12월 14일,1087.725
2017년 12월 13일,1089.535
2017년 12월 12일,1090.895
2017년 12월 11일,1090.37
2017년 12월 08일,1093.985
2017년 12월 07일,1093.815
2017년 12월 06일,1091.69
2017년 12월 05일,1085.615
2017년 12월 04일,1087.11
2017년 12월 01일,1085.955
2017년 11월 30일,1085.905
2017년 11월 29일,1080.305
2017년 11월 28일,1085.23
2017년 11월 27일,1088.41
2017년 11월 24일,1085.68
2017년 11월 23일,1087.48
2017년 11월 22일,1089.98
2017년 11월 21일,1094.38
2017년 11월 20일,1097.94
2017년 11월 17일,1096.93
2017년 11월 16일,1101.185
2017년 11월 15일,1109.835
2017년 11월 14일,1117.77
2017년 11월 13일,1120.805
2017년 11월 10일,1118.76
2017년 11월 09일,1116.96
2017년 11월 08일,1114.34
2017년 11월 07일,1113.615
2017년 11월 06일,1115.375
2017년 11월 03일,1114.365
2017년 11월 02일,1112.855
2017년 11월 01일,1114.625
2017년 10월 31일,1120.585
2017년 10월 30일,1125.58
2017년 10월 27일,1128.945
2017년 10월 26일,1125.705
2017년 10월 25일,1127.155
2017년 10월 24일,1129.515
2017년 10월 23일,1132.4
2017년 10월 20일,1131.475
2017년 10월 19일,1131.585
2017년 10월 18일,1131.595
2017년 10월 17일,1130.83
2017년 10월 16일,1128.025
2017년 10월 13일,1129.72
2017년 10월 12일,1133.925
2017년 10월 11일,1134.695
2017년 10월 10일,1137.79
2017년 10월 09일,1144.235
2017년 10월 06일,1143.615
2017년 10월 05일,1140.695
2017년 10월 04일,1141.13
2017년 10월 03일,1145.465
2017년 10월 02일,1146.435
2017년 09월 29일,1144.79
2017년 09월 28일,1147.225
2017년 09월 27일,1141.59
2017년 09월 26일,1137.67
2017년 09월 25일,1133.43
2017년 09월 22일,1135.355
2017년 09월 21일,1133.33
2017년 09월 20일,1129.765
2017년 09월 19일,1130.25
2017년 09월 18일,1130.79
2017년 09월 15일,1132.83
2017년 09월 14일,1133.715
2017년 09월 13일,1129.44
2017년 09월 12일,1129.33
2017년 09월 11일,1130.94
2017년 09월 08일,1130.245
2017년 09월 07일,1129.495
2017년 09월 06일,1133.955
2017년 09월 05일,1131.36
2017년 09월 04일,1127.08
2017년 09월 01일,1122.04
2017년 08월 31일,1125.985
2017년 08월 30일,1123.515
2017년 08월 29일,1124.04
2017년 08월 28일,1120.4
2017년 08월 25일,1126.405
2017년 08월 24일,1127.955
2017년 08월 23일,1130.38
2017년 08월 22일,1135.78
2017년 08월 21일,1138.75
2017년 08월 18일,1141.655
2017년 08월 17일,1138.565
2017년 08월 16일,1139.325
2017년 08월 15일,1136.71
2017년 08월 14일,1139.805
2017년 08월 11일,1145.115
2017년 08월 10일,1142.315
2017년 08월 09일,1133.765
2017년 08월 08일,1126.785
2017년 08월 07일,1128.255
2017년 08월 04일,1126.96
2017년 08월 03일,1126.785
2017년 08월 02일,1123.595
2017년 08월 01일,1119.6
2017년 07월 31일,1122.5
2017년 07월 28일,1121.01
2017년 07월 27일,1114.445
2017년 07월 26일,1117.725
2017년 07월 25일,1117.695
2017년 07월 24일,1115.96
2017년 07월 21일,1120.605
2017년 07월 20일,1124.26
2017년 07월 19일,1122.845
2017년 07월 18일,1126.65
2017년 07월 17일,1128.56
2017년 07월 14일,1133.16
2017년 07월 13일,1137.75
2017년 07월 12일,1143.485
2017년 07월 11일,1150.755
2017년 07월 10일,1151.61
2017년 07월 07일,1155.755
2017년 07월 06일,1154.765
2017년 07월 05일,1151.825
2017년 07월 04일,1150.13
2017년 07월 03일,1146.13
2017년 06월 30일,1144.64
2017년 06월 29일,1143.66
2017년 06월 28일,1142.7
2017년 06월 27일,1137.425
2017년 06월 26일,1135.255
2017년 06월 23일,1137.88
2017년 06월 22일,1141.395
2017년 06월 21일,1142.52
2017년 06월 20일,1139.435
2017년 06월 19일,1133.435
2017년 06월 16일,1133.405
2017년 06월 15일,1125.7
2017년 06월 14일,1122.305
2017년 06월 13일,1129.12
2017년 06월 12일,1128.435
2017년 06월 09일,1122.795
2017년 06월 08일,1124.935
2017년 06월 07일,1121.965
2017년 06월 06일,1119.015
2017년 06월 05일,1118.355
2017년 06월 02일,1121.14
2017년 06월 01일,1121.31
2017년 05월 31일,1121.36
2017년 05월 30일,1124.33
2017년 05월 29일,1120.76
2017년 05월 26일,1119.205
2017년 05월 25일,1119.41
2017년 05월 24일,1123.855
2017년 05월 23일,1120.935
2017년 05월 22일,1117.19
2017년 05월 19일,1123.865
2017년 05월 18일,1128.475
2017년 05월 17일,1119.165
2017년 05월 16일,1117.14
2017년 05월 15일,1121.84
2017년 05월 12일,1126.32
2017년 05월 11일,1129.265
2017년 05월 10일,1135.5
2017년 05월 09일,1136.895
2017년 05월 08일,1134.245
2017년 05월 05일,1138.83
2017년 05월 04일,1133.385
2017년 05월 03일,1131.42
2017년 05월 02일,1132.52
2017년 05월 01일,1137.795
2017년 04월 28일,1135.285
2017년 04월 27일,1132.465
2017년 04월 26일,1129.645
2017년 04월 25일,1130.855
2017년 04월 24일,1132.935
2017년 04월 21일,1136.9
2017년 04월 20일,1140.44
2017년 04월 19일,1141.23
2017년 04월 18일,1140.655
2017년 04월 17일,1135.515
2017년 04월 14일,1138.74
2017년 04월 13일,1132.545
2017년 04월 12일,1142.395
2017년 04월 11일,1145.89
2017년 04월 10일,1140.905
2017년 04월 07일,1135.625
2017년 04월 06일,1130.91
2017년 04월 05일,1125.56
2017년 04월 04일,1122.01
2017년 04월 03일,1115.905
2017년 03월 31일,1119.41
2017년 03월 30일,1115
2017년 03월 29일,1114.055
2017년 03월 28일,1114.02
2017년 03월 27일,1112.11
2017년 03월 24일,1119.55
2017년 03월 23일,1120.715
2017년 03월 22일,1122.095
2017년 03월 21일,1119.2
2017년 03월 20일,1121.95
2017년 03월 17일,1130.765
2017년 03월 16일,1130.28
2017년 03월 15일,1139.22
2017년 03월 14일,1148.275
2017년 03월 13일,1148.58
2017년 03월 10일,1155.11
2017년 03월 09일,1157.275
2017년 03월 08일,1150.275
2017년 03월 07일,1152.15
2017년 03월 06일,1155.76
2017년 03월 03일,1153.775
2017년 03월 02일,1146.165
2017년 03월 01일,1141.715
2017년 02월 28일,1131.575
2017년 02월 27일,1132.255
2017년 02월 24일,1131.1
2017년 02월 23일,1135.945
2017년 02월 22일,1141.76
2017년 02월 21일,1145.705
2017년 02월 20일,1148.23
2017년 02월 17일,1147.085
2017년 02월 16일,1138.89
2017년 02월 15일,1139.6
2017년 02월 14일,1143
2017년 02월 13일,1150.785
2017년 02월 10일,1150.545
2017년 02월 09일,1147.6
2017년 02월 08일,1145.86
2017년 02월 07일,1140.835
2017년 02월 06일,1136.26
2017년 02월 03일,1141.835
2017년 02월 02일,1146.415
2017년 02월 01일,1154.645
2017년 01월 31일,1159.55
2017년 01월 30일,1174.515
2017년 01월 27일,1175.81
2017년 01월 26일,1164.91
2017년 01월 25일,1166.01
2017년 01월 24일,1165.77
2017년 01월 23일,1169.405
2017년 01월 20일,1173.54
2017년 01월 19일,1177.945
2017년 01월 18일,1169.67
2017년 01월 17일,1174.13
2017년 01월 16일,1180.3
2017년 01월 13일,1176.585
2017년 01월 12일,1179.745
2017년 01월 11일,1193.925
2017년 01월 10일,1199.175
2017년 01월 09일,1205.35
2017년 01월 06일,1191.26
2017년 01월 05일,1188.945
2017년 01월 04일,1202.5
2017년 01월 03일,1207.1
2017년 01월 02일,1206.945
2016년 12월 30일,1204.51
2016년 12월 29일,1209.01
2016년 12월 28일,1210.36
2016년 12월 27일,1204.685
2016년 12월 26일,1200.385
2016년 12월 23일,1203.005
2016년 12월 22일,1200.68
2016년 12월 21일,1195.01
2016년 12월 20일,1192.06
2016년 12월 19일,1188.07
2016년 12월 16일,1185.265
2016년 12월 15일,1182.725
2016년 12월 14일,1172.04
2016년 12월 13일,1166.025
2016년 12월 12일,1168.795
2016년 12월 09일,1168.72
2016년 12월 08일,1161.815
2016년 12월 07일,1165.645
2016년 12월 06일,1169.89
2016년 12월 05일,1171.4
2016년 12월 02일,1169.95
2016년 12월 01일,1173.235
2016년 11월 30일,1173.05
2016년 11월 29일,1170.895
2016년 11월 28일,1172.455
2016년 11월 25일,1179.105
2016년 11월 24일,1181.38
2016년 11월 23일,1177.585
2016년 11월 22일,1175.255
2016년 11월 21일,1181.95
2016년 11월 18일,1180.395
2016년 11월 17일,1174.835
2016년 11월 16일,1171.43
2016년 11월 15일,1168.49
2016년 11월 14일,1171.15
2016년 11월 11일,1165.925
2016년 11월 10일,1157.34
2016년 11월 09일,1144.015
2016년 11월 08일,1135.285
2016년 11월 07일,1141.845
2016년 11월 04일,1143.19
2016년 11월 03일,1141.545
2016년 11월 02일,1147.48
2016년 11월 01일,1143.72
2016년 10월 31일,1145.115
2016년 10월 28일,1146.73
2016년 10월 27일,1142.975
2016년 10월 26일,1134.03
2016년 10월 25일,1135.1
2016년 10월 24일,1133.84
2016년 10월 21일,1135.2
2016년 10월 20일,1125.535
2016년 10월 19일,1123.185
2016년 10월 18일,1130.755
2016년 10월 17일,1140.205
2016년 10월 14일,1133.1
2016년 10월 13일,1131.455
2016년 10월 12일,1125.44
2016년 10월 11일,1117.375
2016년 10월 10일,1112.375
2016년 10월 07일,1114.605
2016년 10월 06일,1114.255
2016년 10월 05일,1114.73
2016년 10월 04일,1109.975
2016년 10월 03일,1102.57
2016년 09월 30일,1102.42
2016년 09월 29일,1098.485
2016년 09월 28일,1096.295
2016년 09월 27일,1104.025
2016년 09월 26일,1106.74
2016년 09월 23일,1103.54
2016년 09월 22일,1102.04
2016년 09월 21일,1112.935
2016년 09월 20일,1119.395
2016년 09월 19일,1121.585
2016년 09월 16일,1124.19
2016년 09월 15일,1128.475
2016년 09월 14일,1126.425
2016년 09월 13일,1118.72
2016년 09월 12일,1112.74
2016년 09월 09일,1103.185
2016년 09월 08일,1093.75
2016년 09월 07일,1091.905
2016년 09월 06일,1101.33
2016년 09월 05일,1110.465
2016년 09월 02일,1114.53
2016년 09월 01일,1119.575
2016년 08월 31일,1117.625
2016년 08월 30일,1117.5
2016년 08월 29일,1124.655
2016년 08월 26일,1115.73
2016년 08월 25일,1119.735
2016년 08월 24일,1121.915
2016년 08월 23일,1119.335
2016년 08월 22일,1122.55
2016년 08월 19일,1115.425
2016년 08월 18일,1107.975
2016년 08월 17일,1105.5
2016년 08월 16일,1094.56
2016년 08월 15일,1100.72
2016년 08월 12일,1102.145
2016년 08월 11일,1099.36
2016년 08월 10일,1098.505
2016년 08월 09일,1106.225
2016년 08월 08일,1112.015
2016년 08월 05일,1112.225
2016년 08월 04일,1114.975
2016년 08월 03일,1115.41
2016년 08월 02일,1109.445
2016년 08월 01일,1109.35
2016년 07월 29일,1118.945
2016년 07월 28일,1127.555
2016년 07월 27일,1134.72
2016년 07월 26일,1139.765
2016년 07월 25일,1139.715
2016년 07월 22일,1137.165
2016년 07월 21일,1139.245
2016년 07월 20일,1141.18
2016년 07월 19일,1138.8
2016년 07월 18일,1137.195
2016년 07월 15일,1134.365
2016년 07월 14일,1139.68
2016년 07월 13일,1145.255
2016년 07월 12일,1148
2016년 07월 11일,1148.855
2016년 07월 08일,1155.445
2016년 07월 07일,1157.445
2016년 07월 06일,1163.095
2016년 07월 05일,1154.86
2016년 07월 04일,1149.685
2016년 07월 01일,1149.145
2016년 06월 30일,1152.755
2016년 06월 29일,1162.195
2016년 06월 28일,1176.23
2016년 06월 27일,1181.125
2016년 06월 24일,1160.885
2016년 06월 23일,1147.395
2016년 06월 22일,1152.245
2016년 06월 21일,1157.505
2016년 06월 20일,1163.285
2016년 06월 17일,1172.55
2016년 06월 16일,1173.445
2016년 06월 15일,1173.7
2016년 06월 14일,1176.405
2016년 06월 13일,1172.095
2016년 06월 10일,1165.27
2016년 06월 09일,1157.32
2016년 06월 08일,1155.27
2016년 06월 07일,1160.25
2016년 06월 06일,1165.03
2016년 06월 03일,1176.955
2016년 06월 02일,1190.17
2016년 06월 01일,1192.325
2016년 05월 31일,1191.375
2016년 05월 30일,1190.23
2016년 05월 27일,1182.445
2016년 05월 26일,1180.155
2016년 05월 25일,1185.85
2016년 05월 24일,1188.885
2016년 05월 23일,1186.735
2016년 05월 20일,1189.16
2016년 05월 19일,1190.095
2016년 05월 18일,1184.34
2016년 05월 17일,1175.285
2016년 05월 16일,1178.295
2016년 05월 13일,1173.57
2016년 05월 12일,1166.67
2016년 05월 11일,1168.055
2016년 05월 10일,1173.5
2016년 05월 09일,1171.385
2016년 05월 06일,1171.065
2016년 05월 05일,1167.73
2016년 05월 04일,1159.11
2016년 05월 03일,1143.2
2016년 05월 02일,1141.8
2016년 04월 29일,1141.485
2016년 04월 28일,1143.355
2016년 04월 27일,1148.76
2016년 04월 26일,1149.445
2016년 04월 25일,1149.32
2016년 04월 22일,1144.75
2016년 04월 21일,1137.31
2016년 04월 20일,1132.6
2016년 04월 19일,1135.75
2016년 04월 18일,1147.795
2016년 04월 15일,1150.495
2016년 04월 14일,1152.69
2016년 04월 13일,1146.18
2016년 04월 12일,1145.12
2016년 04월 11일,1148.445
2016년 04월 08일,1155.75
2016년 04월 07일,1156.435
2016년 04월 06일,1158.39
2016년 04월 05일,1156.585
2016년 04월 04일,1149.435
2016년 04월 01일,1149.14
2016년 03월 31일,1141.095
2016년 03월 30일,1149.335
2016년 03월 29일,1161.675
2016년 03월 28일,1169.395
2016년 03월 25일,1169.985
2016년 03월 24일,1167.83
2016년 03월 23일,1162.67
2016년 03월 22일,1159.37
2016년 03월 21일,1164
2016년 03월 18일,1159.245
2016년 03월 17일,1166.2
2016년 03월 16일,1187.045
2016년 03월 15일,1192.05
2016년 03월 14일,1188.24
2016년 03월 11일,1197.745
2016년 03월 10일,1206.735
2016년 03월 09일,1212.705
2016년 03월 08일,1205.32
2016년 03월 07일,1202.895
2016년 03월 04일,1204.345
2016년 03월 03일,1218.295
2016년 03월 02일,1230.945
2016년 03월 01일,1233.145
2016년 02월 29일,1240.495
2016년 02월 26일,1238.39
2016년 02월 25일,1238.03
2016년 02월 24일,1236.315
2016년 02월 23일,1228.005
2016년 02월 22일,1230.6
2016년 02월 19일,1234.395
2016년 02월 18일,1228.77
2016년 02월 17일,1224.95
2016년 02월 16일,1216.975
2016년 02월 15일,1210.845
2016년 02월 12일,1205.645
2016년 02월 11일,1197.595
2016년 02월 10일,1194.97
2016년 02월 09일,1203.395
2016년 02월 08일,1207.7
2016년 02월 05일,1198.41
2016년 02월 04일,1194.505
2016년 02월 03일,1210.995
2016년 02월 02일,1206.175
2016년 02월 01일,1205.7
2016년 01월 29일,1205.84
2016년 01월 28일,1206.795
2016년 01월 27일,1203.66
2016년 01월 26일,1201.985
2016년 01월 25일,1197.32
2016년 01월 22일,1201.52
2016년 01월 21일,1208.25
2016년 01월 20일,1213.13
2016년 01월 19일,1208.13
2016년 01월 18일,1212.73
2016년 01월 15일,1214.14
2016년 01월 14일,1213.285
2016년 01월 13일,1208.25
2016년 01월 12일,1208.735
2016년 01월 11일,1206.845
2016년 01월 08일,1203.275
2016년 01월 07일,1198.93
2016년 01월 06일,1195.695
2016년 01월 05일,1188.6
2016년 01월 04일,1184.44
2016년 01월 01일,1175.845
2015년 12월 31일,1176.065
2015년 12월 30일,1174.165
2015년 12월 29일,1169.605
2015년 12월 28일,1166.385
2015년 12월 25일,1170.21
2015년 12월 24일,1171.65
2015년 12월 23일,1175.02
2015년 12월 22일,1174.48
2015년 12월 21일,1178.515
2015년 12월 18일,1183.88
2015년 12월 17일,1180.71
2015년 12월 16일,1176.635
2015년 12월 15일,1179.975
2015년 12월 14일,1187.02
2015년 12월 11일,1184.805
2015년 12월 10일,1178.07
2015년 12월 09일,1181.065
2015년 12월 08일,1179.195
2015년 12월 07일,1170.485
2015년 12월 04일,1161.07
2015년 12월 03일,1161.575
2015년 12월 02일,1160.77
2015년 12월 01일,1158.965
2015년 11월 30일,1158.69
2015년 11월 27일,1152.965
2015년 11월 26일,1146.7
2015년 11월 25일,1145.455
2015년 11월 24일,1153.325
2015년 11월 23일,1158.185
2015년 11월 20일,1155.71
2015년 11월 19일,1161.9
2015년 11월 18일,1170.965
2015년 11월 17일,1170.34
2015년 11월 16일,1172.65
2015년 11월 13일,1164.605
2015년 11월 12일,1157.23
2015년 11월 11일,1156.245
2015년 11월 10일,1159.445
2015년 11월 09일,1157.4
2015년 11월 06일,1146.195
2015년 11월 05일,1139.015
2015년 11월 04일,1133.47
2015년 11월 03일,1133.865
2015년 11월 02일,1140.425
2015년 10월 30일,1139.475
2015년 10월 29일,1144.495
2015년 10월 28일,1138.79
2015년 10월 27일,1133.275
2015년 10월 26일,1133.815
2015년 10월 23일,1130.555
2015년 10월 22일,1135.88
2015년 10월 21일,1135.285
2015년 10월 20일,1131.375
2015년 10월 19일,1126.59
2015년 10월 16일,1128.105
2015년 10월 15일,1130.62
2015년 10월 14일,1145.57
2015년 10월 13일,1148.31
2015년 10월 12일,1145.57
2015년 10월 09일,1146.69
2015년 10월 08일,1157.775
2015년 10월 07일,1160.205
2015년 10월 06일,1165.37
2015년 10월 05일,1167.4
2015년 10월 02일,1179.14
2015년 10월 01일,1180.435
2015년 09월 30일,1189.075
2015년 09월 29일,1196.815
2015년 09월 28일,1194.775
2015년 09월 25일,1194.27
2015년 09월 24일,1194.945
2015년 09월 23일,1189.785
2015년 09월 22일,1181.755
2015년 09월 21일,1176.095
2015년 09월 18일,1167.175
2015년 09월 17일,1165.965
2015년 09월 16일,1176.22
2015년 09월 15일,1182.745
2015년 09월 14일,1181.205
2015년 09월 11일,1184.325
2015년 09월 10일,1190.62
2015년 09월 09일,1191.07
2015년 09월 08일,1201.17
2015년 09월 07일,1202.94
2015년 09월 04일,1194.505
2015년 09월 03일,1188.285
2015년 09월 02일,1180.665
2015년 09월 01일,1177.15
2015년 08월 31일,1182.6
2015년 08월 28일,1178.7
2015년 08월 27일,1180.19
2015년 08월 26일,1188.87
2015년 08월 25일,1187.025
2015년 08월 24일,1197.62
2015년 08월 21일,1190.375
2015년 08월 20일,1186.35
2015년 08월 19일,1185.415
2015년 08월 18일,1184.495
2015년 08월 17일,1182.485
2015년 08월 14일,1180.09
2015년 08월 13일,1176.6
2015년 08월 12일,1184.145
2015년 08월 11일,1170.27
2015년 08월 10일,1164.28
2015년 08월 07일,1166.72
2015년 08월 06일,1168.645
2015년 08월 05일,1172.515
2015년 08월 04일,1166.43
2015년 08월 03일,1167.305
2015년 07월 31일,1165.92
2015년 07월 30일,1168.6
2015년 07월 29일,1158.99
2015년 07월 28일,1165.585
2015년 07월 27일,1169.6
2015년 07월 24일,1167.55
2015년 07월 23일,1161.84
2015년 07월 22일,1153.645
2015년 07월 21일,1154.37
2015년 07월 20일,1154.505
2015년 07월 17일,1148.415
2015년 07월 16일,1147.16
2015년 07월 15일,1144.39
2015년 07월 14일,1140.355
2015년 07월 13일,1132.76
2015년 07월 10일,1130.28
2015년 07월 09일,1135.275
2015년 07월 08일,1136.095
2015년 07월 07일,1131.82
2015년 07월 06일,1125.82
2015년 07월 03일,1121.54
2015년 07월 02일,1123.055
2015년 07월 01일,1121.37
2015년 06월 30일,1118.5
2015년 06월 29일,1123.5
2015년 06월 26일,1118.655
2015년 06월 25일,1110.725
2015년 06월 24일,1108.765
2015년 06월 23일,1104.95
2015년 06월 22일,1101.5
2015년 06월 19일,1104.7
2015년 06월 18일,1108.115
2015년 06월 17일,1118.48
2015년 06월 16일,1118.255
2015년 06월 15일,1115.745
2015년 06월 12일,1113.755
2015년 06월 11일,1111.045
2015년 06월 10일,1115.6
2015년 06월 09일,1120.5
2015년 06월 08일,1122.535
2015년 06월 05일,1117.775
2015년 06월 04일,1110.76
2015년 06월 03일,1107.35
2015년 06월 02일,1112.335
2015년 06월 01일,1113.355
2015년 05월 29일,1111.265
2015년 05월 28일,1108.055
2015년 05월 27일,1108.2
2015년 05월 26일,1102.52
2015년 05월 25일,1097.35
2015년 05월 22일,1092.825
2015년 05월 21일,1095.2
2015년 05월 20일,1096.41
2015년 05월 19일,1092.15
2015년 05월 18일,1087.475
2015년 05월 15일,1089.63
2015년 05월 14일,1093.35
2015년 05월 13일,1095.54
2015년 05월 12일,1095.51
2015년 05월 11일,1091.35
2015년 05월 08일,1091.005
2015년 05월 07일,1087.94
2015년 05월 06일,1080.7
2015년 05월 05일,1082.6
2015년 05월 04일,1081.295
2015년 05월 01일,1079.37
2015년 04월 30일,1073.325
2015년 04월 29일,1068.79
2015년 04월 28일,1068.25
2015년 04월 27일,1073.11
2015년 04월 24일,1078.725
2015년 04월 23일,1082.71
2015년 04월 22일,1080.9
2015년 04월 21일,1084
2015년 04월 20일,1081.535
2015년 04월 17일,1083.27
2015년 04월 16일,1089
2015년 04월 15일,1095.535
2015년 04월 14일,1096.96
2015년 04월 13일,1098.395
2015년 04월 10일,1095.32
2015년 04월 09일,1093.55
2015년 04월 08일,1093.04
2015년 04월 07일,1090.755
2015년 04월 06일,1086.8
2015년 04월 03일,1090.95
2015년 04월 02일,1095.48
2015년 04월 01일,1103.135
2015년 03월 31일,1109.64
2015년 03월 30일,1105.715
2015년 03월 27일,1105.15
2015년 03월 26일,1104.775
2015년 03월 25일,1103.065
2015년 03월 24일,1105.165
2015년 03월 23일,1112.73
2015년 03월 20일,1119.88
2015년 03월 19일,1117.475
2015년 03월 18일,1121.135
2015년 03월 17일,1129.515
2015년 03월 16일,1133.97
2015년 03월 13일,1130.195
2015년 03월 12일,1128.025
2015년 03월 11일,1128.585
2015년 03월 10일,1121.205
2015년 03월 09일,1112.745
2015년 03월 06일,1105.085
2015년 03월 05일,1101.49
2015년 03월 04일,1098.735
2015년 03월 03일,1100.225
2015년 03월 02일,1103.4
2015년 02월 27일,1100.185
2015년 02월 26일,1098.53
2015년 02월 25일,1102.095
2015년 02월 24일,1110.925
2015년 02월 23일,1109.975
2015년 02월 20일,1111.27
2015년 02월 19일,1110.985
2015년 02월 18일,1111.45
2015년 02월 17일,1103.55
2015년 02월 16일,1099.13
2015년 02월 13일,1098.835
2015년 02월 12일,1106.895
2015년 02월 11일,1103.18
2015년 02월 10일,1094.65
2015년 02월 09일,1097.605
2015년 02월 06일,1091.975
2015년 02월 05일,1089.475
2015년 02월 04일,1089.005
2015년 02월 03일,1096.905
2015년 02월 02일,1101.205
2015년 01월 30일,1099.485
2015년 01월 29일,1093.085
2015년 01월 28일,1083.15
2015년 01월 27일,1080.4
2015년 01월 26일,1080.765
2015년 01월 23일,1082.09
2015년 01월 22일,1085.655
2015년 01월 21일,1086.55
2015년 01월 20일,1084.48
2015년 01월 19일,1080.82
2015년 01월 16일,1077.705
2015년 01월 15일,1081.04
2015년 01월 14일,1081.54
2015년 01월 13일,1082.01
2015년 01월 12일,1084.5
2015년 01월 09일,1091.21
2015년 01월 08일,1098.445
2015년 01월 07일,1099.525
2015년 01월 06일,1103.475
2015년 01월 05일,1108.88
2015년 01월 02일,1099.65
2015년 01월 01일,1093.365
2014년 12월 31일,1092.315
2014년 12월 30일,1098
2014년 12월 29일,1099.09
2014년 12월 26일,1100.4
2014년 12월 25일,1103.11
2014년 12월 24일,1104.485
2014년 12월 23일,1102.615
2014년 12월 22일,1097.68
2014년 12월 19일,1100.78
2014년 12월 18일,1101.115
2014년 12월 17일,1090.205
2014년 12월 16일,1089.5
2014년 12월 15일,1102.05
2014년 12월 12일,1103.83
2014년 12월 11일,1100.205
2014년 12월 10일,1104.7
2014년 12월 09일,1108.925
2014년 12월 08일,1116.66
2014년 12월 05일,1116.315
2014년 12월 04일,1114.87
2014년 12월 03일,1115
2014년 12월 02일,1110.49
2014년 12월 01일,1113.335
2014년 11월 28일,1106.475
2014년 11월 27일,1100.78
2014년 11월 26일,1107.095
2014년 11월 25일,1113.05
2014년 11월 24일,1113.775
2014년 11월 21일,1111.7
2014년 11월 20일,1114.275
2014년 11월 19일,1106.935
2014년 11월 18일,1099.175
2014년 11월 17일,1098.77
2014년 11월 14일,1100.82
2014년 11월 13일,1096.28
2014년 11월 12일,1097.71
2014년 11월 11일,1093.395
2014년 11월 10일,1087.205
2014년 11월 07일,1090.52
2014년 11월 06일,1087.98
2014년 11월 05일,1086.29
2014년 11월 04일,1080.125
2014년 11월 03일,1077.98
2014년 10월 31일,1064.4
2014년 10월 30일,1056.545
2014년 10월 29일,1050.09
2014년 10월 28일,1050.04
2014년 10월 27일,1054.08
2014년 10월 24일,1059.19
2014년 10월 23일,1056.825
2014년 10월 22일,1053.66
2014년 10월 21일,1055.15
2014년 10월 20일,1060.35
2014년 10월 17일,1064.25
2014년 10월 16일,1062.58
2014년 10월 15일,1064.015
2014년 10월 14일,1065.46
2014년 10월 13일,1070.525
2014년 10월 10일,1069.835
2014년 10월 09일,1069.485
2014년 10월 08일,1072.025
2014년 10월 07일,1066.65
2014년 10월 06일,1071.4
2014년 10월 03일,1061.35
2014년 10월 02일,1060.7
2014년 10월 01일,1060.85
2014년 09월 30일,1054.6
2014년 09월 29일,1051.25
2014년 09월 26일,1042.9
2014년 09월 25일,1042.55
2014년 09월 24일,1040
2014년 09월 23일,1041.65
2014년 09월 22일,1041.35
2014년 09월 19일,1045.3
2014년 09월 18일,1042
2014년 09월 17일,1033.8
2014년 09월 16일,1035.1
2014년 09월 15일,1039.15
2014년 09월 12일,1038
2014년 09월 11일,1034.215
2014년 09월 10일,1034.375
2014년 09월 09일,1034.47
2014년 09월 08일,1025.8
2014년 09월 05일,1025.15
2014년 09월 04일,1018.3
2014년 09월 03일,1019.25
2014년 09월 02일,1015.6
2014년 09월 01일,1014.5
2014년 08월 29일,1014.95
2014년 08월 28일,1014.025
2014년 08월 27일,1014.9
2014년 08월 26일,1018.15
2014년 08월 25일,1021.2
2014년 08월 22일,1019.75
2014년 08월 21일,1023.65
2014년 08월 20일,1020.9
2014년 08월 19일,1017.95
2014년 08월 18일,1017.75
2014년 08월 15일,1021.2
2014년 08월 14일,1026.05
2014년 08월 13일,1028.575
2014년 08월 12일,1028.15
2014년 08월 11일,1030.9
2014년 08월 08일,1037.65
2014년 08월 07일,1034.45
2014년 08월 06일,1034.15
2014년 08월 05일,1030.65
2014년 08월 04일,1031.95
2014년 08월 01일,1034.575
2014년 07월 31일,1026.275
2014년 07월 30일,1024.9
2014년 07월 29일,1024.85
2014년 07월 28일,1025.7
2014년 07월 25일,1029.35
2014년 07월 24일,1027.3
2014년 07월 23일,1023.35
2014년 07월 22일,1025.15
2014년 07월 21일,1027.85
2014년 07월 18일,1031.75
2014년 07월 17일,1029.7
2014년 07월 16일,1031.9
2014년 07월 15일,1023.75
2014년 07월 14일,1019.2
2014년 07월 11일,1018.15
2014년 07월 10일,1011.65
2014년 07월 09일,1012.45
2014년 07월 08일,1011.7
2014년 07월 07일,1010.125
2014년 07월 04일,1009.55
2014년 07월 03일,1009.7
2014년 07월 02일,1010.25
2014년 07월 01일,1011.95
2014년 06월 30일,1012.6
2014년 06월 27일,1015.325
2014년 06월 26일,1017.35
2014년 06월 25일,1020.25
2014년 06월 24일,1018.95
2014년 06월 23일,1019.35
2014년 06월 20일,1020.075
2014년 06월 19일,1018.35
2014년 06월 18일,1023.555
2014년 06월 17일,1021.9
2014년 06월 16일,1019.6
2014년 06월 13일,1018.125
2014년 06월 12일,1017.3
2014년 06월 11일,1016.45
2014년 06월 10일,1016.8
2014년 06월 09일,1018.05
2014년 06월 06일,1019.95
2014년 06월 05일,1023.1
2014년 06월 04일,1023.5
2014년 06월 03일,1024.75
2014년 06월 02일,1023.25
2014년 05월 30일,1020.2
2014년 05월 29일,1021.75
2014년 05월 28일,1023
2014년 05월 27일,1024.3
2014년 05월 26일,1024.5
2014년 05월 23일,1024.55
2014년 05월 22일,1025.75
2014년 05월 21일,1026.65
2014년 05월 20일,1025
2014년 05월 19일,1023.7
2014년 05월 16일,1025.76
2014년 05월 15일,1026.75
2014년 05월 14일,1025.05
2014년 05월 13일,1023
2014년 05월 12일,1025.1
2014년 05월 09일,1022.9
2014년 05월 08일,1023.65
2014년 05월 07일,1024.95
2014년 05월 06일,1030.12
2014년 05월 05일,1030.12
2014년 05월 02일,1031.62
2014년 05월 01일,1033.5
2014년 04월 30일,1032.5
2014년 04월 29일,1031.915
2014년 04월 28일,1037.6
2014년 04월 25일,1039.3
2014년 04월 24일,1038.15
2014년 04월 23일,1039.75
2014년 04월 22일,1039.8
2014년 04월 21일,1038.3
2014년 04월 18일,1037.95
2014년 04월 17일,1037.15
2014년 04월 16일,1041.15
2014년 04월 15일,1042
2014년 04월 14일,1039.05
2014년 04월 11일,1038.25
2014년 04월 10일,1036.25
2014년 04월 09일,1043.4
2014년 04월 08일,1053.7
2014년 04월 07일,1053.8
2014년 04월 04일,1056.05
2014년 04월 03일,1058.6
2014년 04월 02일,1057
2014년 04월 01일,1060.65
2014년 03월 31일,1065.85
2014년 03월 28일,1069.4
2014년 03월 27일,1073.5
2014년 03월 26일,1075.35
2014년 03월 25일,1078.5
2014년 03월 24일,1079.85
2014년 03월 21일,1080.55
2014년 03월 20일,1076.15
2014년 03월 19일,1070.5
2014년 03월 18일,1068.15
2014년 03월 17일,1070.9
2014년 03월 14일,1071.05
2014년 03월 13일,1068.75
2014년 03월 12일,1069.2
2014년 03월 11일,1065.2
2014년 03월 10일,1066.05
2014년 03월 07일,1063.075
2014년 03월 06일,1068.65
2014년 03월 05일,1070.2
2014년 03월 04일,1071.75
2014년 03월 03일,1072.175
2014년 02월 28일,1066.35
2014년 02월 27일,1069.2
2014년 02월 26일,1069.55
2014년 02월 25일,1071.7
2014년 02월 24일,1076.6
2014년 02월 21일,1074.35
2014년 02월 20일,1069.75
2014년 02월 19일,1066.95
2014년 02월 18일,1063.15
2014년 02월 17일,1060.2
2014년 02월 14일,1062.25
2014년 02월 13일,1064
2014년 02월 12일,1065
2014년 02월 11일,1071.95
2014년 02월 10일,1072.55
2014년 02월 07일,1075.6
2014년 02월 06일,1076.6
2014년 02월 05일,1079.2
2014년 02월 04일,1085.95
2014년 02월 03일,1082
2014년 01월 31일,1081.185
2014년 01월 30일,1080.735
2014년 01월 29일,1071.05
2014년 01월 28일,1079.6
2014년 01월 27일,1084.5
2014년 01월 24일,1077.2
2014년 01월 23일,1071.15
2014년 01월 22일,1068.45
2014년 01월 21일,1064.2
2014년 01월 20일,1063.85
2014년 01월 17일,1061.65
2014년 01월 16일,1064.45
2014년 01월 15일,1062.95
2014년 01월 14일,1058.4
2014년 01월 13일,1057.05
2014년 01월 10일,1063.2
2014년 01월 09일,1066
2014년 01월 08일,1067.15
2014년 01월 07일,1067.85
2014년 01월 06일,1061.55
2014년 01월 03일,1054.65
2014년 01월 02일,1050.45
2014년 01월 01일,1050.5
2013년 12월 31일,1048.51
2013년 12월 30일,1055.425
2013년 12월 27일,1056.4
2013년 12월 26일,1059.05
2013년 12월 25일,1060.2
2013년 12월 24일,1060.85
2013년 12월 23일,1061.3
2013년 12월 20일,1062.15
2013년 12월 19일,1057.95
2013년 12월 18일,1052.35
2013년 12월 17일,1051.5
2013년 12월 16일,1053.5
2013년 12월 13일,1053.3
2013년 12월 12일,1053.71
2013년 12월 11일,1052.375
2013년 12월 10일,1053
2013년 12월 09일,1053.3
2013년 12월 06일,1058.385
2013년 12월 05일,1060.385
2013년 12월 04일,1061.95
2013년 12월 03일,1061.38
2013년 12월 02일,1057.95
2013년 11월 29일,1059.58
2013년 11월 28일,1063
2013년 11월 27일,1060.75
2013년 11월 26일,1060.5
2013년 11월 25일,1060.93
2013년 11월 22일,1061.725
2013년 11월 21일,1060.66
2013년 11월 20일,1056.8
2013년 11월 19일,1056.475
2013년 11월 18일,1058.92
2013년 11월 15일,1065.925
2013년 11월 14일,1068.68
2013년 11월 13일,1072.72
2013년 11월 12일,1071.745
2013년 11월 11일,1067.76
2013년 11월 08일,1064.05
2013년 11월 07일,1062.05
2013년 11월 06일,1062.085
2013년 11월 05일,1061.875
2013년 11월 04일,1062.33
2013년 11월 01일,1062.75
2013년 10월 31일,1060.31
2013년 10월 30일,1061.27
2013년 10월 29일,1061.615
2013년 10월 28일,1062.45
2013년 10월 25일,1062.515
2013년 10월 24일,1058.94
2013년 10월 23일,1057.41
2013년 10월 22일,1061.375
2013년 10월 21일,1062.1
2013년 10월 18일,1061.7
2013년 10월 17일,1064.825
2013년 10월 16일,1067.465
2013년 10월 15일,1067.975
2013년 10월 14일,1072.45
2013년 10월 11일,1070.8
2013년 10월 10일,1074.445
2013년 10월 09일,1075.39
2013년 10월 08일,1073.85
2013년 10월 07일,1070.5
2013년 10월 04일,1072.195
2013년 10월 03일,1073.51
2013년 10월 02일,1074.7
2013년 10월 01일,1074.7
2013년 09월 30일,1076.49
2013년 09월 27일,1075.7
2013년 09월 26일,1074.81
2013년 09월 25일,1077.125
2013년 09월 24일,1074.53
2013년 09월 23일,1076.05
2013년 09월 20일,1077.16
2013년 09월 19일,1070.94
2013년 09월 18일,1082.35
2013년 09월 17일,1084.37
2013년 09월 16일,1083.79
2013년 09월 13일,1085.65
2013년 09월 12일,1083.98
2013년 09월 11일,1086.9
2013년 09월 10일,1085.7
2013년 09월 09일,1089.35
2013년 09월 06일,1095.8
2013년 09월 05일,1094.6
2013년 09월 04일,1098.6
2013년 09월 03일,1096.875
2013년 09월 02일,1104.28
2013년 08월 30일,1110.745
2013년 08월 29일,1111.7
2013년 08월 28일,1117.575
2013년 08월 27일,1115.555
2013년 08월 26일,1113.24
2013년 08월 23일,1117.54
2013년 08월 22일,1122.705
2013년 08월 21일,1119.05
2013년 08월 20일,1120.9
2013년 08월 19일,1115.14
2013년 08월 16일,1115.5
2013년 08월 15일,1118.28
2013년 08월 14일,1119.935
2013년 08월 13일,1116.945
2013년 08월 12일,1112.81
2013년 08월 09일,1110.55
2013년 08월 08일,1114.05
2013년 08월 07일,1116.8
2013년 08월 06일,1114
2013년 08월 05일,1118.75
2013년 08월 02일,1125.275
2013년 08월 01일,1121.515
2013년 07월 31일,1119.775
2013년 07월 30일,1114.405
2013년 07월 29일,1110.83
2013년 07월 26일,1113.275
2013년 07월 25일,1117.6
2013년 07월 24일,1115.025
2013년 07월 23일,1116.88
2013년 07월 22일,1119.315
2013년 07월 19일,1123.9
2013년 07월 18일,1122.83
2013년 07월 17일,1118.425
2013년 07월 16일,1118.7
2013년 07월 15일,1123.575
2013년 07월 12일,1122.65
2013년 07월 11일,1128.635
2013년 07월 10일,1139.55
2013년 07월 09일,1144.52
2013년 07월 08일,1147.55
2013년 07월 05일,1141.3
2013년 07월 04일,1140.4
2013년 07월 03일,1140.06
2013년 07월 02일,1132.585
2013년 07월 01일,1138.25
2013년 06월 28일,1145.295
2013년 06월 27일,1151.795
2013년 06월 26일,1153.7
2013년 06월 25일,1158.425
2013년 06월 24일,1158.97
2013년 06월 21일,1155.92
2013년 06월 20일,1138.525
2013년 06월 19일,1133.425
2013년 06월 18일,1131.24
2013년 06월 17일,1128.37
2013년 06월 14일,1128.4
2013년 06월 13일,1133.055
2013년 06월 12일,1131.3
2013년 06월 11일,1132.895
2013년 06월 10일,1123.36
2013년 06월 07일,1113.2
2013년 06월 06일,1118.825
2013년 06월 05일,1120.375
2013년 06월 04일,1121.495
2013년 06월 03일,1124.685
2013년 05월 31일,1127.775
2013년 05월 30일,1129.565
2013년 05월 29일,1131.21
2013년 05월 28일,1123.935
2013년 05월 27일,1125.425
2013년 05월 24일,1127.7
2013년 05월 23일,1121.8
2013년 05월 22일,1112.485
2013년 05월 21일,1114.745
2013년 05월 20일,1118.175
2013년 05월 17일,1117.885
2013년 05월 16일,1115.34
2013년 05월 15일,1112.56
2013년 05월 14일,1110.35
2013년 05월 13일,1111.45
2013년 05월 10일,1099.715
2013년 05월 09일,1087.315
2013년 05월 08일,1088.45
2013년 05월 07일,1093.035
2013년 05월 06일,1094.85
2013년 05월 03일,1099.26
2013년 05월 02일,1100.45
2013년 05월 01일,1101.895
2013년 04월 30일,1102.6
2013년 04월 29일,1107.635
2013년 04월 26일,1110.15
2013년 04월 25일,1114.31
2013년 04월 24일,1119.145
2013년 04월 23일,1119.8
2013년 04월 22일,1121.7
2013년 04월 19일,1119.5
2013년 04월 18일,1121.95
2013년 04월 17일,1116.54
2013년 04월 16일,1119.4
2013년 04월 15일,1124.765
2013년 04월 12일,1130.9
2013년 04월 11일,1129.3
2013년 04월 10일,1138.25
2013년 04월 09일,1140.3
2013년 04월 08일,1138.605
2013년 04월 05일,1131.04
2013년 04월 04일,1121.925
2013년 04월 03일,1120.1
2013년 04월 02일,1114.445
2013년 04월 01일,1114.405
2013년 03월 29일,1112.55
2013년 03월 28일,1111.95
2013년 03월 27일,1109.13
2013년 03월 26일,1108.7
2013년 03월 25일,1114.95
2013년 03월 22일,1117.45
2013년 03월 21일,1116.2
2013년 03월 20일,1116.865
2013년 03월 19일,1110.905
2013년 03월 18일,1113.995
2013년 03월 15일,1110.15
2013년 03월 14일,1104.66
2013년 03월 13일,1097.665
2013년 03월 12일,1095.7
2013년 03월 11일,1096.375
2013년 03월 08일,1089.15
2013년 03월 07일,1086.53
2013년 03월 06일,1084.29
2013년 03월 05일,1088.38
2013년 03월 04일,1089.05
2013년 03월 01일,1084.65
2013년 02월 28일,1083.14
2013년 02월 27일,1086.41
2013년 02월 26일,1088.855
2013년 02월 25일,1087.35
2013년 02월 22일,1087.5
2013년 02월 21일,1083.84
2013년 02월 20일,1078.725
2013년 02월 19일,1081.84
2013년 02월 18일,1082
2013년 02월 15일,1081.77
2013년 02월 14일,1085.15
2013년 02월 13일,1087.2
2013년 02월 12일,1093.9
2013년 02월 11일,1096
2013년 02월 08일,1093.8
2013년 02월 07일,1089.2
2013년 02월 06일,1087.9
2013년 02월 05일,1088.05
2013년 02월 04일,1090.55
2013년 02월 01일,1092.425
2013년 01월 31일,1089.325
2013년 01월 30일,1083.435
2013년 01월 29일,1087.95
2013년 01월 28일,1085.215
2013년 01월 25일,1072.065
2013년 01월 24일,1068.7
2013년 01월 23일,1065.27
2013년 01월 22일,1065.2
2013년 01월 21일,1061.025
2013년 01월 18일,1057
2013년 01월 17일,1058.275
2013년 01월 16일,1058.375
2013년 01월 15일,1056.41
2013년 01월 14일,1056.42
2013년 01월 11일,1056.71
2013년 01월 10일,1060.835
2013년 01월 09일,1062.25
2013년 01월 08일,1063.325
2013년 01월 07일,1062.75
2013년 01월 04일,1063.75
2013년 01월 03일,1063
2013년 01월 02일,1064.85
2013년 01월 01일,1063.64
2012년 12월 31일,1065.36
2012년 12월 28일,1069.875
2012년 12월 27일,1073.185
2012년 12월 26일,1074.025
2012년 12월 25일,1073.5
2012년 12월 24일,1075
2012년 12월 21일,1075.475
2012년 12월 20일,1073.65
2012년 12월 19일,1072.535
2012년 12월 18일,1072
2012년 12월 17일,1073.45
2012년 12월 14일,1074.4
2012년 12월 13일,1073
2012년 12월 12일,1075.525
2012년 12월 11일,1076.615
2012년 12월 10일,1079.745
2012년 12월 07일,1082.975
2012년 12월 06일,1083.335
2012년 12월 05일,1082.825
2012년 12월 04일,1084.175
2012년 12월 03일,1083.45
2012년 11월 30일,1083.8
2012년 11월 29일,1084.525
2012년 11월 28일,1086.635
2012년 11월 27일,1085.31
2012년 11월 26일,1085.285
2012년 11월 23일,1086
2012년 11월 22일,1083.3
2012년 11월 21일,1083.375
2012년 11월 20일,1083.9
2012년 11월 19일,1089.3
2012년 11월 16일,1090
2012년 11월 15일,1087.71
2012년 11월 14일,1087.52
2012년 11월 13일,1090.15
2012년 11월 12일,1088.825
2012년 11월 09일,1090.125
2012년 11월 08일,1089.235
2012년 11월 07일,1088.275
2012년 11월 06일,1091.185
2012년 11월 05일,1092.025
2012년 11월 02일,1092.275
2012년 11월 01일,1091.59
2012년 10월 31일,1090.66
2012년 10월 30일,1093.93
2012년 10월 29일,1096.355
2012년 10월 26일,1096.95
2012년 10월 25일,1100.55
2012년 10월 24일,1104.6
2012년 10월 23일,1102.2
2012년 10월 22일,1105.45
2012년 10월 19일,1104.77
2012년 10월 18일,1104.93
2012년 10월 17일,1105.15
2012년 10월 16일,1108.32
2012년 10월 15일,1112.09
2012년 10월 12일,1111.85
2012년 10월 11일,1115.11
2012년 10월 10일,1113.86
2012년 10월 09일,1110.95
2012년 10월 08일,1111.245
2012년 10월 05일,1109.975
2012년 10월 04일,1113.415
2012년 10월 03일,1113.47
2012년 10월 02일,1112.95
2012년 10월 01일,1113.44
2012년 09월 28일,1113.765
2012년 09월 27일,1118.375
2012년 09월 26일,1120.565
2012년 09월 25일,1119.7
2012년 09월 24일,1120.3
2012년 09월 21일,1120
2012년 09월 20일,1119.45
2012년 09월 19일,1116.985
2012년 09월 18일,1118
2012년 09월 17일,1115.275
2012년 09월 14일,1122.61
2012년 09월 13일,1127.935
2012년 09월 12일,1127.12
2012년 09월 11일,1129.5
2012년 09월 10일,1129.025
2012년 09월 07일,1130.4
2012년 09월 06일,1135.35
2012년 09월 05일,1135.48
2012년 09월 04일,1132.25
2012년 09월 03일,1132.3
2012년 08월 31일,1135.275
2012년 08월 30일,1134.825
2012년 08월 29일,1134.71
2012년 08월 28일,1136.775
2012년 08월 27일,1135.8
2012년 08월 24일,1133.75
2012년 08월 23일,1131.45
2012년 08월 22일,1133.645
2012년 08월 21일,1132.95
2012년 08월 20일,1135.825
2012년 08월 17일,1133.79
2012년 08월 16일,1132.755
2012년 08월 15일,1130.7
2012년 08월 14일,1130.215
2012년 08월 13일,1130.915
2012년 08월 10일,1128.49
2012년 08월 09일,1127.46
2012년 08월 08일,1129.015
2012년 08월 07일,1127.4
2012년 08월 06일,1129.5
2012년 08월 03일,1134.84
2012년 08월 02일,1129.635
2012년 08월 01일,1128.5
2012년 07월 31일,1133.81
2012년 07월 30일,1135.975
2012년 07월 27일,1142.535
2012년 07월 26일,1147.775
2012년 07월 25일,1151.6
2012년 07월 24일,1148.225
2012년 07월 23일,1147.215
2012년 07월 20일,1140.84
2012년 07월 19일,1140.05
2012년 07월 18일,1141.6
2012년 07월 17일,1144.3
2012년 07월 16일,1147.6
2012년 07월 13일,1151.7
2012년 07월 12일,1148.9
2012년 07월 11일,1143.215
2012년 07월 10일,1142.5
2012년 07월 09일,1143.35
2012년 07월 06일,1137.035
2012년 07월 05일,1136.25
2012년 07월 04일,1135.54
2012년 07월 03일,1139.38
2012년 07월 02일,1143.55
2012년 06월 29일,1149.725
2012년 06월 28일,1155.99
2012년 06월 27일,1157.385
2012년 06월 26일,1160.1
2012년 06월 25일,1160.79
2012년 06월 22일,1157.125
2012년 06월 21일,1151.225
2012년 06월 20일,1152.8
2012년 06월 19일,1157.3
2012년 06월 18일,1158.5
2012년 06월 15일,1164.025
2012년 06월 14일,1166.395
2012년 06월 13일,1167.875
2012년 06월 12일,1171.1
2012년 06월 11일,1168.125
2012년 06월 08일,1170.65
2012년 06월 07일,1169.225
2012년 06월 06일,1174.76
2012년 06월 05일,1178.5
2012년 06월 04일,1181.945
2012년 06월 01일,1180.175
2012년 05월 31일,1181.485
2012년 05월 30일,1178.655
2012년 05월 29일,1178.235
2012년 05월 28일,1176.46
2012년 05월 25일,1181.725
2012년 05월 24일,1179.735
2012년 05월 23일,1174.31
2012년 05월 22일,1164.34
2012년 05월 21일,1167.5
2012년 05월 18일,1170.97
2012년 05월 17일,1164.505
2012년 05월 16일,1163.475
2012년 05월 15일,1154.45
2012년 05월 14일,1151.5
2012년 05월 11일,1145.67
2012년 05월 10일,1143.25
2012년 05월 09일,1141.175
2012년 05월 08일,1136.9
2012년 05월 07일,1138
2012년 05월 04일,1133.375
2012년 05월 03일,1130.31
2012년 05월 02일,1127.95
2012년 05월 01일,1129.605
2012년 04월 30일,1130.555
2012년 04월 27일,1134.035
2012년 04월 26일,1135.725
2012년 04월 25일,1138.85
2012년 04월 24일,1140.075
2012년 04월 23일,1140.01
2012년 04월 20일,1139.8
2012년 04월 19일,1139.425
2012년 04월 18일,1137.3
2012년 04월 17일,1138.425
2012년 04월 16일,1137.4
2012년 04월 13일,1134.3
2012년 04월 12일,1140.125
2012년 04월 11일,1143.625
2012년 04월 10일,1137.35
2012년 04월 09일,1137.3
2012년 04월 06일,1131.125
2012년 04월 05일,1130.35
2012년 04월 04일,1127.025
2012년 04월 03일,1124.7
2012년 04월 02일,1129.725
2012년 03월 30일,1134.2
2012년 03월 29일,1137.9
2012년 03월 28일,1137.425
2012년 03월 27일,1136.175
2012년 03월 26일,1137.5
2012년 03월 23일,1133.8
2012년 03월 22일,1130.3
2012년 03월 21일,1127.975
2012년 03월 20일,1124.25
2012년 03월 19일,1123.075
2012년 03월 16일,1124.45
2012년 03월 15일,1127.95
2012년 03월 14일,1127.025
2012년 03월 13일,1123.6
2012년 03월 12일,1121.025
2012년 03월 09일,1116.85
2012년 03월 08일,1120.575
2012년 03월 07일,1126.05
2012년 03월 06일,1121.025
2012년 03월 05일,1117.625
2012년 03월 02일,1114.5
2012년 03월 01일,1117.925
2012년 02월 29일,1121.4
2012년 02월 28일,1126.6
2012년 02월 27일,1128.275
2012년 02월 24일,1125.625
2012년 02월 23일,1128.5
2012년 02월 22일,1126.925
2012년 02월 21일,1125.025
2012년 02월 20일,1123.525
2012년 02월 17일,1125.705
2012년 02월 16일,1130.2
2012년 02월 15일,1123.55
2012년 02월 14일,1123.875
2012년 02월 13일,1123.35
2012년 02월 10일,1120.9
2012년 02월 09일,1118.6
2012년 02월 08일,1117.5
2012년 02월 07일,1120.8
2012년 02월 06일,1118.7
2012년 02월 03일,1119.5
2012년 02월 02일,1120.125
2012년 02월 01일,1126.875
2012년 01월 31일,1125.85
2012년 01월 30일,1125.225
2012년 01월 27일,1123.65
2012년 01월 26일,1123.675
2012년 01월 25일,1127.725
2012년 01월 24일,1131.575
2012년 01월 23일,1130.2
2012년 01월 20일,1135.5
2012년 01월 19일,1136.75
2012년 01월 18일,1142.9
2012년 01월 17일,1148.175
2012년 01월 16일,1153.075
2012년 01월 13일,1150.65
2012년 01월 12일,1157.025
2012년 01월 11일,1158.675
2012년 01월 10일,1156.625
2012년 01월 09일,1162.625
2012년 01월 06일,1158.65
2012년 01월 05일,1151.95
2012년 01월 04일,1148.45
2012년 01월 03일,1150.2
2012년 01월 02일,1156.2
2011년 12월 30일,1157.65
2011년 12월 29일,1154.3
2011년 12월 28일,1156.45
2011년 12월 27일,1155.9
2011년 12월 26일,1150.6
2011년 12월 23일,1150.95
2011년 12월 22일,1155.2
2011년 12월 21일,1151.55
2011년 12월 20일,1167.25
2011년 12월 19일,1169.35
2011년 12월 16일,1156.2
2011년 12월 15일,1159.85
2011년 12월 14일,1158.6
2011년 12월 13일,1155.65
2011년 12월 12일,1144
2011년 12월 09일,1142.75
2011년 12월 08일,1131.6
2011년 12월 07일,1127.895
2011년 12월 06일,1129.15
2011년 12월 05일,1129.25
2011년 12월 02일,1128.95
2011년 12월 01일,1131.475
2011년 11월 30일,1141.8
2011년 11월 29일,1148.1
2011년 11월 28일,1157
2011년 11월 25일,1160.55
2011년 11월 24일,1156.275
2011년 11월 23일,1152.675
2011년 11월 22일,1147.55
2011년 11월 21일,1139.85
2011년 11월 18일,1136.5
2011년 11월 17일,1136.6
2011년 11월 16일,1134.15
2011년 11월 15일,1126.65
2011년 11월 14일,1122.6
2011년 11월 11일,1126.9
2011년 11월 10일,1128.725
2011년 11월 09일,1114.7
2011년 11월 08일,1118.2
2011년 11월 07일,1116.3
2011년 11월 04일,1112.3
2011년 11월 03일,1128.175
2011년 11월 02일,1125.925
2011년 11월 01일,1116.125
2011년 10월 31일,1106.425
2011년 10월 28일,1104.55
2011년 10월 27일,1120.45
2011년 10월 26일,1131.525
2011년 10월 25일,1127.725
2011년 10월 24일,1139.425
2011년 10월 21일,1148.1
2011년 10월 20일,1140.575
2011년 10월 19일,1137.8
2011년 10월 18일,1148.05
2011년 10월 17일,1144.85
2011년 10월 14일,1160.15
2011년 10월 13일,1158.7
2011년 10월 12일,1171.5
2011년 10월 11일,1167.275
2011년 10월 10일,1172.675
2011년 10월 07일,1178.1
2011년 10월 06일,1187.15
2011년 10월 05일,1190.525
2011년 10월 04일,1198.35
2011년 10월 03일,1180.5
2011년 09월 30일,1177.85
2011년 09월 29일,1178.35
2011년 09월 28일,1172.5
2011년 09월 27일,1173.55
2011년 09월 26일,1184
2011년 09월 23일,1180.8
2011년 09월 22일,1175.05
2011년 09월 21일,1147.15
2011년 09월 20일,1148
2011년 09월 19일,1127.85
2011년 09월 16일,1106.75
2011년 09월 15일,1109.5
2011년 09월 14일,1101.625
2011년 09월 13일,1077.25
2011년 09월 12일,1077.125
2011년 09월 09일,1076.5
2011년 09월 08일,1072.475
2011년 09월 07일,1071.4
2011년 09월 06일,1073.5
2011년 09월 05일,1068.425
2011년 09월 02일,1063.35
2011년 09월 01일,1063.85
2011년 08월 31일,1068.85
2011년 08월 30일,1072.75
2011년 08월 29일,1076.25
2011년 08월 26일,1084.2
2011년 08월 25일,1085.4
2011년 08월 24일,1079.075
2011년 08월 23일,1079.525
2011년 08월 22일,1082.525
2011년 08월 19일,1083.25
2011년 08월 18일,1075.95
2011년 08월 17일,1071.975
2011년 08월 16일,1071.1
2011년 08월 15일,1073.9
2011년 08월 12일,1077.45
2011년 08월 11일,1084.5
2011년 08월 10일,1079.05
2011년 08월 09일,1091.025
2011년 08월 08일,1076.825
2011년 08월 05일,1070.2
2011년 08월 04일,1058.6
2011년 08월 03일,1058.85
2011년 08월 02일,1051.85
2011년 08월 01일,1050.625
2011년 07월 29일,1053.1
2011년 07월 28일,1053.45
2011년 07월 27일,1051.725
2011년 07월 26일,1052.425
2011년 07월 25일,1054.35
2011년 07월 22일,1051.58
2011년 07월 21일,1053.875
2011년 07월 20일,1055.325
2011년 07월 19일,1059.225
2011년 07월 18일,1061.4
2011년 07월 15일,1057.55
2011년 07월 14일,1056.85
2011년 07월 13일,1060.75
2011년 07월 12일,1066.225
2011년 07월 11일,1060.15
2011년 07월 08일,1058.2
2011년 07월 07일,1064.75
2011년 07월 06일,1066.1
2011년 07월 05일,1065.2
2011년 07월 04일,1063.65
2011년 07월 01일,1066.55
2011년 06월 30일,1069.75
2011년 06월 29일,1076.75
2011년 06월 28일,1082.5
2011년 06월 27일,1086.2
2011년 06월 24일,1077.8
2011년 06월 23일,1079.875
2011년 06월 22일,1075.55
2011년 06월 21일,1080.125
2011년 06월 20일,1083.5
2011년 06월 17일,1086.05
2011년 06월 16일,1089.7
2011년 06월 15일,1085.175
2011년 06월 14일,1083.6
2011년 06월 13일,1086.45
2011년 06월 10일,1081.3
2011년 06월 09일,1083.275
2011년 06월 08일,1081.3
2011년 06월 07일,1079.75
2011년 06월 06일,1079.4
2011년 06월 03일,1078.65
2011년 06월 02일,1080.75
2011년 06월 01일,1076.9
2011년 05월 31일,1077.4
2011년 05월 30일,1079.8
2011년 05월 27일,1083.15
2011년 05월 26일,1091.45
2011년 05월 25일,1096.7
2011년 05월 24일,1096
2011년 05월 23일,1092.15
2011년 05월 20일,1082.55
2011년 05월 19일,1085
2011년 05월 18일,1087.1
2011년 05월 17일,1090.7
2011년 05월 16일,1092.85
2011년 05월 13일,1087.85
2011년 05월 12일,1084.65
2011년 05월 11일,1075.85
2011년 05월 10일,1081.85
2011년 05월 09일,1081.8
2011년 05월 06일,1086.25
2011년 05월 05일,1080.75
2011년 05월 04일,1074.6
2011년 05월 03일,1070.95
2011년 05월 02일,1067.125
2011년 04월 29일,1072
2011년 04월 28일,1074.5
2011년 04월 27일,1080.025
2011년 04월 26일,1084.3
2011년 04월 25일,1081.78
2011년 04월 22일,1082.15
2011년 04월 21일,1080.2
2011년 04월 20일,1082.2
2011년 04월 19일,1090.075
2011년 04월 18일,1089.3
2011년 04월 15일,1088.35
2011년 04월 14일,1089.875
2011년 04월 13일,1091.25
2011년 04월 12일,1091.35
2011년 04월 11일,1085.575
2011년 04월 08일,1085.75
2011년 04월 07일,1087.15
2011년 04월 06일,1086.5
2011년 04월 05일,1089.7
2011년 04월 04일,1085.85
2011년 04월 01일,1091.9
2011년 03월 31일,1099.4
2011년 03월 30일,1105.15
2011년 03월 29일,1113.75
2011년 03월 28일,1114.95
2011년 03월 25일,1114.05
2011년 03월 24일,1121.55
2011년 03월 23일,1123.2
2011년 03월 22일,1122.3
2011년 03월 21일,1125.775
2011년 03월 18일,1129.75
2011년 03월 17일,1139.8
2011년 03월 16일,1135.275
2011년 03월 15일,1130.8
2011년 03월 14일,1130.75
2011년 03월 11일,1125.25
2011년 03월 10일,1121.125
2011년 03월 09일,1115.35
2011년 03월 08일,1118.525
2011년 03월 07일,1120.55
2011년 03월 04일,1115.85
2011년 03월 03일,1121.55
2011년 03월 02일,1127.575
2011년 03월 01일,1125.325
2011년 02월 28일,1127.825
2011년 02월 25일,1128.5
2011년 02월 24일,1130.6
2011년 02월 23일,1129.9
2011년 02월 22일,1126.95
2011년 02월 21일,1115.3
2011년 02월 18일,1115.5
2011년 02월 17일,1115.95
2011년 02월 16일,1122.45
2011년 02월 15일,1124.45
2011년 02월 14일,1122.65
2011년 02월 11일,1122.7
2011년 02월 10일,1117.35
2011년 02월 09일,1105.325
2011년 02월 08일,1104.3
2011년 02월 07일,1109.3
2011년 02월 04일,1113.95
2011년 02월 03일,1113.95
2011년 02월 02일,1113.95
2011년 02월 01일,1116.8
2011년 01월 31일,1120.67
2011년 01월 28일,1113.1
2011년 01월 27일,1114.5
2011년 01월 26일,1118.85
2011년 01월 25일,1120.825
2011년 01월 24일,1120.7
2011년 01월 21일,1121.4
2011년 01월 20일,1119.6
2011년 01월 19일,1111.55
2011년 01월 18일,1117.225
2011년 01월 17일,1114.7
2011년 01월 14일,1114.35
2011년 01월 13일,1111.2
2011년 01월 12일,1120.3
2011년 01월 11일,1126.6
2011년 01월 10일,1127.075
2011년 01월 07일,1122.65
2011년 01월 06일,1121.3
2011년 01월 05일,1126.4
2011년 01월 04일,1123.75
2011년 01월 03일,1126.3
2010년 12월 31일,1125.75
2010년 12월 30일,1137.6
2010년 12월 29일,1145.45
2010년 12월 28일,1147.7
2010년 12월 27일,1150.8
2010년 12월 24일,1152.475
2010년 12월 23일,1152.175
2010년 12월 22일,1154.175
2010년 12월 21일,1154.375
2010년 12월 20일,1161.85
2010년 12월 17일,1152.35
2010년 12월 16일,1155.1
2010년 12월 15일,1148.725
2010년 12월 14일,1141.1
2010년 12월 13일,1143.05
2010년 12월 10일,1140.25
2010년 12월 09일,1141.4
2010년 12월 08일,1139.95
2010년 12월 07일,1133.85
2010년 12월 06일,1134.8
2010년 12월 03일,1141.55
2010년 12월 02일,1149.25
2010년 12월 01일,1152.8
2010년 11월 30일,1156.35
2010년 11월 29일,1158.375
2010년 11월 26일,1151.9
2010년 11월 25일,1142.75
2010년 11월 24일,1154.15
2010년 11월 23일,1150.95
2010년 11월 22일,1128.825
2010년 11월 19일,1131.85
2010년 11월 18일,1136.925
2010년 11월 17일,1140.025
2010년 11월 16일,1130.65
2010년 11월 15일,1130.625
2010년 11월 12일,1119.45
2010년 11월 11일,1109.25
2010년 11월 10일,1114.275
2010년 11월 09일,1118.25
2010년 11월 08일,1112.35
2010년 11월 05일,1106.8
2010년 11월 04일,1108.23
2010년 11월 03일,1110.55
2010년 11월 02일,1114.75
2010년 11월 01일,1119.16
2010년 10월 29일,1122.95
2010년 10월 28일,1126.9
2010년 10월 27일,1128
2010년 10월 26일,1121.575
2010년 10월 25일,1118
2010년 10월 22일,1128.925
2010년 10월 21일,1125.25
2010년 10월 20일,1132.95
2010년 10월 19일,1123.25
2010년 10월 18일,1117.55
2010년 10월 15일,1113.75
2010년 10월 14일,1114.45
2010년 10월 13일,1120.1
2010년 10월 12일,1125.42
2010년 10월 11일,1117.1
2010년 10월 08일,1120.45
2010년 10월 07일,1119.625
2010년 10월 06일,1121.065
2010년 10월 05일,1130.1
2010년 10월 04일,1124.575
2010년 10월 01일,1135.55
2010년 09월 30일,1140.35
2010년 09월 29일,1143.95
2010년 09월 28일,1148.225
2010년 09월 27일,1148.8
2010년 09월 24일,1156.17
2010년 09월 23일,1151.12
2010년 09월 22일,1150.54
2010년 09월 21일,1160.575
2010년 09월 20일,1163.15
2010년 09월 17일,1164.315
2010년 09월 16일,1163.35
2010년 09월 15일,1162.3
2010년 09월 14일,1160.9
2010년 09월 13일,1161.9
2010년 09월 10일,1167.37
2010년 09월 09일,1170.415
2010년 09월 08일,1176.45
2010년 09월 07일,1175.725
2010년 09월 06일,1171.515
2010년 09월 03일,1177.8
2010년 09월 02일,1182.1
2010년 09월 01일,1192
2010년 08월 31일,1197.45
2010년 08월 30일,1190.25
2010년 08월 27일,1196.07
2010년 08월 26일,1194.96
2010년 08월 25일,1195.515
2010년 08월 24일,1189.65
2010년 08월 23일,1182.22
2010년 08월 20일,1180.96
2010년 08월 19일,1174.065
2010년 08월 18일,1174
2010년 08월 17일,1180.1
2010년 08월 16일,1192.8
2010년 08월 13일,1186.4
2010년 08월 12일,1193.7
2010년 08월 11일,1177.1
2010년 08월 10일,1165.3
2010년 08월 09일,1159.35
2010년 08월 06일,1165.75
2010년 08월 05일,1168.35
2010년 08월 04일,1169.2
2010년 08월 03일,1167.05
2010년 08월 02일,1176.95
2010년 07월 30일,1185.8
2010년 07월 29일,1188.45
2010년 07월 28일,1186.25
2010년 07월 27일,1186.6
2010년 07월 26일,1193.75
2010년 07월 23일,1197.03
2010년 07월 22일,1206.925
2010년 07월 21일,1202.08
2010년 07월 20일,1212.35
2010년 07월 19일,1216.45
2010년 07월 16일,1201.25
2010년 07월 15일,1204.21
2010년 07월 14일,1198.5
2010년 07월 13일,1205.4
2010년 07월 12일,1198.7
2010년 07월 09일,1200.01
2010년 07월 08일,1212.15
2010년 07월 07일,1219.95
2010년 07월 06일,1227.85
2010년 07월 05일,1225.3
2010년 07월 02일,1223.55
2010년 07월 01일,1231.8
2010년 06월 30일,1232.4
2010년 06월 29일,1210.85
2010년 06월 28일,1200.1
2010년 06월 25일,1206.8
2010년 06월 24일,1186.5
2010년 06월 23일,1188.935
2010년 06월 22일,1181.8
2010년 06월 21일,1178.55
2010년 06월 18일,1209.51
2010년 06월 17일,1214.275
2010년 06월 16일,1209.75
2010년 06월 15일,1223.4
2010년 06월 14일,1228.45
2010년 06월 11일,1238.25
2010년 06월 10일,1258.6
2010년 06월 09일,1240.95
2010년 06월 08일,1233.66
2010년 06월 07일,1233.105
2010년 06월 04일,1203.45
2010년 06월 03일,1204.135
2010년 06월 02일,1216.75
2010년 06월 01일,1207.65
2010년 05월 31일,1203.585
2010년 05월 28일,1200.45
2010년 05월 27일,1236
2010년 05월 26일,1247.9
2010년 05월 25일,1249.9
2010년 05월 24일,1212.575
2010년 05월 21일,1194.25
2010년 05월 20일,1182.845
2010년 05월 19일,1162.45
2010년 05월 18일,1149.525
2010년 05월 17일,1150.3
2010년 05월 14일,1133.3
2010년 05월 13일,1130.85
2010년 05월 12일,1138.4
2010년 05월 11일,1131.1
2010년 05월 10일,1137.7
2010년 05월 07일,1157.25
2010년 05월 06일,1138.65
2010년 05월 05일,1115.5
2010년 05월 04일,1114.4
2010년 05월 03일,1114.1
2010년 04월 30일,1108.9
2010년 04월 29일,1115.35
2010년 04월 28일,1119.85
2010년 04월 27일,1108.965
2010년 04월 26일,1105.4
2010년 04월 23일,1110.3
2010년 04월 22일,1110.05
2010년 04월 21일,1110.3
2010년 04월 20일,1116
2010년 04월 19일,1115.4
2010년 04월 16일,1112.25
2010년 04월 15일,1109.55
2010년 04월 14일,1117.675
2010년 04월 13일,1119.8
2010년 04월 12일,1114.7
2010년 04월 09일,1119.45
2010년 04월 08일,1123.4
2010년 04월 07일,1122
2010년 04월 06일,1123.28
2010년 04월 05일,1125.25
2010년 04월 02일,1123.85
2010년 04월 01일,1128.1
2010년 03월 31일,1133.35
2010년 03월 30일,1131
2010년 03월 29일,1138.4
2010년 03월 26일,1142.205
2010년 03월 25일,1140.95
2010년 03월 24일,1136.95
2010년 03월 23일,1133.9
2010년 03월 22일,1136.15
2010년 03월 19일,1132.355
2010년 03월 18일,1131.2
2010년 03월 17일,1130.65
2010년 03월 16일,1133.1
2010년 03월 15일,1131.9
2010년 03월 12일,1130.325
2010년 03월 11일,1131.65
2010년 03월 10일,1132.32
2010년 03월 09일,1133.25
2010년 03월 08일,1133.95
2010년 03월 05일,1143.025
2010년 03월 04일,1144.6
2010년 03월 03일,1145.5
2010년 03월 02일,1150
2010년 03월 01일,1157.4
2010년 02월 26일,1162.175
2010년 02월 25일,1160.05
2010년 02월 24일,1154.25
2010년 02월 23일,1152
2010년 02월 22일,1148.6
2010년 02월 19일,1154.7
2010년 02월 18일,1147.1
2010년 02월 17일,1143.95
2010년 02월 16일,1152.15
2010년 02월 15일,1147.3
2010년 02월 12일,1155
2010년 02월 11일,1158.1
2010년 02월 10일,1158.9
2010년 02월 09일,1165.8
2010년 02월 08일,1173.3
2010년 02월 05일,1162.4
2010년 02월 04일,1151.9
2010년 02월 03일,1152.1
2010년 02월 02일,1161.3
2010년 02월 01일,1167.2
2010년 01월 29일,1155.6
2010년 01월 28일,1156.05
2010년 01월 27일,1161.525
2010년 01월 26일,1154.875
2010년 01월 25일,1150.025
2010년 01월 22일,1149.695
2010년 01월 21일,1140.875
2010년 01월 20일,1135.6
2010년 01월 19일,1126.15
2010년 01월 18일,1124.85
2010년 01월 15일,1123.08
2010년 01월 14일,1121.15
2010년 01월 13일,1124.7
2010년 01월 12일,1122.3
2010년 01월 11일,1120.4
2010년 01월 08일,1133.125
2010년 01월 07일,1133
2010년 01월 06일,1136.95
2010년 01월 05일,1143.65
2010년 01월 04일,1156.71
2010년 01월 01일,1166.08
